dataset,group_by,group_value,variable_name,row_count,populated_count,blank_count,zero_count,false_count,populated_percent,coverage_status
response_stage_visits.csv,all_rows,all,research_student_id,9,9,0,0,0,100,populated
response_stage_visits.csv,all_rows,all,assessment_public_id,9,9,0,0,0,100,populated
response_stage_visits.csv,all_rows,all,session_public_id,9,9,0,0,0,100,populated
response_stage_visits.csv,all_rows,all,attempt_number,9,9,0,0,0,100,populated
response_stage_visits.csv,all_rows,all,item_snapshot_public_id,9,7,2,0,0,77.78,partly_populated
response_stage_visits.csv,all_rows,all,item_version,9,7,2,0,0,77.78,partly_populated
response_stage_visits.csv,all_rows,all,stage_visit_id,9,9,0,0,0,100,populated
response_stage_visits.csv,all_rows,all,item_public_id,9,9,0,0,0,100,populated
response_stage_visits.csv,all_rows,all,browser_tab_id,9,9,0,0,0,100,populated
response_stage_visits.csv,all_rows,all,response_stage,9,9,0,0,0,100,populated
response_stage_visits.csv,all_rows,all,response_phase,9,9,0,0,0,100,populated
response_stage_visits.csv,all_rows,all,ready_at,9,9,0,0,0,100,populated
response_stage_visits.csv,all_rows,all,first_action_at,9,6,3,0,0,66.67,partly_populated
response_stage_visits.csv,all_rows,all,first_input_at,9,3,6,0,0,33.33,partly_populated
response_stage_visits.csv,all_rows,all,first_submitted_at,9,6,3,0,0,66.67,partly_populated
response_stage_visits.csv,all_rows,all,last_accepted_submitted_at,9,6,3,0,0,66.67,partly_populated
response_stage_visits.csv,all_rows,all,accepted_at,9,6,3,0,0,66.67,partly_populated
response_stage_visits.csv,all_rows,all,closed_at,9,9,0,0,0,100,populated
response_stage_visits.csv,all_rows,all,close_reason,9,9,0,0,0,100,populated
response_stage_visits.csv,all_rows,all,time_to_first_action_ms,9,6,3,1,0,66.67,partly_populated
response_stage_visits.csv,all_rows,all,input_start_latency_ms,9,3,6,1,0,33.33,partly_populated
response_stage_visits.csv,all_rows,all,input_elapsed_ms,9,3,6,0,0,33.33,partly_populated
response_stage_visits.csv,all_rows,all,response_elapsed_ms,9,6,3,0,0,66.67,partly_populated
response_stage_visits.csv,all_rows,all,time_to_accepted_submission_ms,9,6,3,0,0,66.67,partly_populated
response_stage_visits.csv,all_rows,all,input_to_accepted_ms,9,3,6,0,0,33.33,partly_populated
response_stage_visits.csv,all_rows,all,stage_elapsed_ms,9,9,0,0,0,100,populated
response_stage_visits.csv,all_rows,all,request_wait_ms,9,9,0,3,0,100,populated
response_stage_visits.csv,all_rows,all,system_wait_ms,9,9,0,3,0,100,populated
response_stage_visits.csv,all_rows,all,hidden_duration_ms,9,9,0,9,0,100,populated
response_stage_visits.csv,all_rows,all,hidden_count,9,9,0,9,0,100,populated
response_stage_visits.csv,all_rows,all,return_count,9,9,0,9,0,100,populated
response_stage_visits.csv,all_rows,all,focus_loss_count,9,9,0,9,0,100,populated
response_stage_visits.csv,all_rows,all,offline_count,9,9,0,8,0,100,populated
response_stage_visits.csv,all_rows,all,offline_duration_ms,9,9,0,8,0,100,populated
response_stage_visits.csv,all_rows,all,submission_count,9,9,0,3,0,100,populated
response_stage_visits.csv,all_rows,all,accepted_submission_count,9,9,0,3,0,100,populated
response_stage_visits.csv,all_rows,all,validation_rejection_count,9,9,0,8,0,100,populated
response_stage_visits.csv,all_rows,all,request_failure_count,9,9,0,9,0,100,populated
response_stage_visits.csv,all_rows,all,input_change_count,9,9,0,6,0,100,populated
response_stage_visits.csv,all_rows,all,timing_quality_status,9,9,0,0,0,100,populated
response_stage_visits.csv,all_rows,all,timing_limitations,9,0,9,0,0,0,all_blank
response_stage_visits.csv,all_rows,all,observation_version,9,9,0,0,0,100,populated
response_stage_visits.csv,all_rows,all,calculation_version,9,9,0,0,0,100,populated
response_stage_visits.csv,response_stage,answer,research_student_id,3,3,0,0,0,100,populated
response_stage_visits.csv,response_stage,answer,assessment_public_id,3,3,0,0,0,100,populated
response_stage_visits.csv,response_stage,answer,session_public_id,3,3,0,0,0,100,populated
response_stage_visits.csv,response_stage,answer,attempt_number,3,3,0,0,0,100,populated
response_stage_visits.csv,response_stage,answer,item_snapshot_public_id,3,1,2,0,0,33.33,partly_populated
response_stage_visits.csv,response_stage,answer,item_version,3,1,2,0,0,33.33,partly_populated
response_stage_visits.csv,response_stage,answer,stage_visit_id,3,3,0,0,0,100,populated
response_stage_visits.csv,response_stage,answer,item_public_id,3,3,0,0,0,100,populated
response_stage_visits.csv,response_stage,answer,browser_tab_id,3,3,0,0,0,100,populated
response_stage_visits.csv,response_stage,answer,response_stage,3,3,0,0,0,100,populated
response_stage_visits.csv,response_stage,answer,response_phase,3,3,0,0,0,100,populated
response_stage_visits.csv,response_stage,answer,ready_at,3,3,0,0,0,100,populated
response_stage_visits.csv,response_stage,answer,first_action_at,3,1,2,0,0,33.33,partly_populated
response_stage_visits.csv,response_stage,answer,first_input_at,3,0,3,0,0,0,all_blank
response_stage_visits.csv,response_stage,answer,first_submitted_at,3,1,2,0,0,33.33,partly_populated
response_stage_visits.csv,response_stage,answer,last_accepted_submitted_at,3,1,2,0,0,33.33,partly_populated
response_stage_visits.csv,response_stage,answer,accepted_at,3,1,2,0,0,33.33,partly_populated
response_stage_visits.csv,response_stage,answer,closed_at,3,3,0,0,0,100,populated
response_stage_visits.csv,response_stage,answer,close_reason,3,3,0,0,0,100,populated
response_stage_visits.csv,response_stage,answer,time_to_first_action_ms,3,1,2,0,0,33.33,partly_populated
response_stage_visits.csv,response_stage,answer,input_start_latency_ms,3,0,3,0,0,0,all_blank
response_stage_visits.csv,response_stage,answer,input_elapsed_ms,3,0,3,0,0,0,all_blank
response_stage_visits.csv,response_stage,answer,response_elapsed_ms,3,1,2,0,0,33.33,partly_populated
response_stage_visits.csv,response_stage,answer,time_to_accepted_submission_ms,3,1,2,0,0,33.33,partly_populated
response_stage_visits.csv,response_stage,answer,input_to_accepted_ms,3,0,3,0,0,0,all_blank
response_stage_visits.csv,response_stage,answer,stage_elapsed_ms,3,3,0,0,0,100,populated
response_stage_visits.csv,response_stage,answer,request_wait_ms,3,3,0,2,0,100,populated
response_stage_visits.csv,response_stage,answer,system_wait_ms,3,3,0,2,0,100,populated
response_stage_visits.csv,response_stage,answer,hidden_duration_ms,3,3,0,3,0,100,populated
response_stage_visits.csv,response_stage,answer,hidden_count,3,3,0,3,0,100,populated
response_stage_visits.csv,response_stage,answer,return_count,3,3,0,3,0,100,populated
response_stage_visits.csv,response_stage,answer,focus_loss_count,3,3,0,3,0,100,populated
response_stage_visits.csv,response_stage,answer,offline_count,3,3,0,3,0,100,populated
response_stage_visits.csv,response_stage,answer,offline_duration_ms,3,3,0,3,0,100,populated
response_stage_visits.csv,response_stage,answer,submission_count,3,3,0,2,0,100,populated
response_stage_visits.csv,response_stage,answer,accepted_submission_count,3,3,0,2,0,100,populated
response_stage_visits.csv,response_stage,answer,validation_rejection_count,3,3,0,3,0,100,populated
response_stage_visits.csv,response_stage,answer,request_failure_count,3,3,0,3,0,100,populated
response_stage_visits.csv,response_stage,answer,input_change_count,3,3,0,3,0,100,populated
response_stage_visits.csv,response_stage,answer,timing_quality_status,3,3,0,0,0,100,populated
response_stage_visits.csv,response_stage,answer,timing_limitations,3,0,3,0,0,0,all_blank
response_stage_visits.csv,response_stage,answer,observation_version,3,3,0,0,0,100,populated
response_stage_visits.csv,response_stage,answer,calculation_version,3,3,0,0,0,100,populated
response_stage_visits.csv,response_stage,reasoning,research_student_id,2,2,0,0,0,100,populated
response_stage_visits.csv,response_stage,reasoning,assessment_public_id,2,2,0,0,0,100,populated
response_stage_visits.csv,response_stage,reasoning,session_public_id,2,2,0,0,0,100,populated
response_stage_visits.csv,response_stage,reasoning,attempt_number,2,2,0,0,0,100,populated
response_stage_visits.csv,response_stage,reasoning,item_snapshot_public_id,2,2,0,0,0,100,populated
response_stage_visits.csv,response_stage,reasoning,item_version,2,2,0,0,0,100,populated
response_stage_visits.csv,response_stage,reasoning,stage_visit_id,2,2,0,0,0,100,populated
response_stage_visits.csv,response_stage,reasoning,item_public_id,2,2,0,0,0,100,populated
response_stage_visits.csv,response_stage,reasoning,browser_tab_id,2,2,0,0,0,100,populated
response_stage_visits.csv,response_stage,reasoning,response_stage,2,2,0,0,0,100,populated
response_stage_visits.csv,response_stage,reasoning,response_phase,2,2,0,0,0,100,populated
response_stage_visits.csv,response_stage,reasoning,ready_at,2,2,0,0,0,100,populated
response_stage_visits.csv,response_stage,reasoning,first_action_at,2,2,0,0,0,100,populated
response_stage_visits.csv,response_stage,reasoning,first_input_at,2,2,0,0,0,100,populated
response_stage_visits.csv,response_stage,reasoning,first_submitted_at,2,2,0,0,0,100,populated
response_stage_visits.csv,response_stage,reasoning,last_accepted_submitted_at,2,2,0,0,0,100,populated
response_stage_visits.csv,response_stage,reasoning,accepted_at,2,2,0,0,0,100,populated
response_stage_visits.csv,response_stage,reasoning,closed_at,2,2,0,0,0,100,populated
response_stage_visits.csv,response_stage,reasoning,close_reason,2,2,0,0,0,100,populated
response_stage_visits.csv,response_stage,reasoning,time_to_first_action_ms,2,2,0,1,0,100,populated
response_stage_visits.csv,response_stage,reasoning,input_start_latency_ms,2,2,0,1,0,100,populated
response_stage_visits.csv,response_stage,reasoning,input_elapsed_ms,2,2,0,0,0,100,populated
response_stage_visits.csv,response_stage,reasoning,response_elapsed_ms,2,2,0,0,0,100,populated
response_stage_visits.csv,response_stage,reasoning,time_to_accepted_submission_ms,2,2,0,0,0,100,populated
response_stage_visits.csv,response_stage,reasoning,input_to_accepted_ms,2,2,0,0,0,100,populated
response_stage_visits.csv,response_stage,reasoning,stage_elapsed_ms,2,2,0,0,0,100,populated
response_stage_visits.csv,response_stage,reasoning,request_wait_ms,2,2,0,0,0,100,populated
response_stage_visits.csv,response_stage,reasoning,system_wait_ms,2,2,0,0,0,100,populated
response_stage_visits.csv,response_stage,reasoning,hidden_duration_ms,2,2,0,2,0,100,populated
response_stage_visits.csv,response_stage,reasoning,hidden_count,2,2,0,2,0,100,populated
response_stage_visits.csv,response_stage,reasoning,return_count,2,2,0,2,0,100,populated
response_stage_visits.csv,response_stage,reasoning,focus_loss_count,2,2,0,2,0,100,populated
response_stage_visits.csv,response_stage,reasoning,offline_count,2,2,0,1,0,100,populated
response_stage_visits.csv,response_stage,reasoning,offline_duration_ms,2,2,0,1,0,100,populated
response_stage_visits.csv,response_stage,reasoning,submission_count,2,2,0,0,0,100,populated
response_stage_visits.csv,response_stage,reasoning,accepted_submission_count,2,2,0,0,0,100,populated
response_stage_visits.csv,response_stage,reasoning,validation_rejection_count,2,2,0,1,0,100,populated
response_stage_visits.csv,response_stage,reasoning,request_failure_count,2,2,0,2,0,100,populated
response_stage_visits.csv,response_stage,reasoning,input_change_count,2,2,0,0,0,100,populated
response_stage_visits.csv,response_stage,reasoning,timing_quality_status,2,2,0,0,0,100,populated
response_stage_visits.csv,response_stage,reasoning,timing_limitations,2,0,2,0,0,0,all_blank
response_stage_visits.csv,response_stage,reasoning,observation_version,2,2,0,0,0,100,populated
response_stage_visits.csv,response_stage,reasoning,calculation_version,2,2,0,0,0,100,populated
response_stage_visits.csv,response_stage,confidence,research_student_id,2,2,0,0,0,100,populated
response_stage_visits.csv,response_stage,confidence,assessment_public_id,2,2,0,0,0,100,populated
response_stage_visits.csv,response_stage,confidence,session_public_id,2,2,0,0,0,100,populated
response_stage_visits.csv,response_stage,confidence,attempt_number,2,2,0,0,0,100,populated
response_stage_visits.csv,response_stage,confidence,item_snapshot_public_id,2,2,0,0,0,100,populated
response_stage_visits.csv,response_stage,confidence,item_version,2,2,0,0,0,100,populated
response_stage_visits.csv,response_stage,confidence,stage_visit_id,2,2,0,0,0,100,populated
response_stage_visits.csv,response_stage,confidence,item_public_id,2,2,0,0,0,100,populated
response_stage_visits.csv,response_stage,confidence,browser_tab_id,2,2,0,0,0,100,populated
response_stage_visits.csv,response_stage,confidence,response_stage,2,2,0,0,0,100,populated
response_stage_visits.csv,response_stage,confidence,response_phase,2,2,0,0,0,100,populated
response_stage_visits.csv,response_stage,confidence,ready_at,2,2,0,0,0,100,populated
response_stage_visits.csv,response_stage,confidence,first_action_at,2,1,1,0,0,50,partly_populated
response_stage_visits.csv,response_stage,confidence,first_input_at,2,0,2,0,0,0,all_blank
response_stage_visits.csv,response_stage,confidence,first_submitted_at,2,1,1,0,0,50,partly_populated
response_stage_visits.csv,response_stage,confidence,last_accepted_submitted_at,2,1,1,0,0,50,partly_populated
response_stage_visits.csv,response_stage,confidence,accepted_at,2,1,1,0,0,50,partly_populated
response_stage_visits.csv,response_stage,confidence,closed_at,2,2,0,0,0,100,populated
response_stage_visits.csv,response_stage,confidence,close_reason,2,2,0,0,0,100,populated
response_stage_visits.csv,response_stage,confidence,time_to_first_action_ms,2,1,1,0,0,50,partly_populated
response_stage_visits.csv,response_stage,confidence,input_start_latency_ms,2,0,2,0,0,0,all_blank
response_stage_visits.csv,response_stage,confidence,input_elapsed_ms,2,0,2,0,0,0,all_blank
response_stage_visits.csv,response_stage,confidence,response_elapsed_ms,2,1,1,0,0,50,partly_populated
response_stage_visits.csv,response_stage,confidence,time_to_accepted_submission_ms,2,1,1,0,0,50,partly_populated
response_stage_visits.csv,response_stage,confidence,input_to_accepted_ms,2,0,2,0,0,0,all_blank
response_stage_visits.csv,response_stage,confidence,stage_elapsed_ms,2,2,0,0,0,100,populated
response_stage_visits.csv,response_stage,confidence,request_wait_ms,2,2,0,1,0,100,populated
response_stage_visits.csv,response_stage,confidence,system_wait_ms,2,2,0,1,0,100,populated
response_stage_visits.csv,response_stage,confidence,hidden_duration_ms,2,2,0,2,0,100,populated
response_stage_visits.csv,response_stage,confidence,hidden_count,2,2,0,2,0,100,populated
response_stage_visits.csv,response_stage,confidence,return_count,2,2,0,2,0,100,populated
response_stage_visits.csv,response_stage,confidence,focus_loss_count,2,2,0,2,0,100,populated
response_stage_visits.csv,response_stage,confidence,offline_count,2,2,0,2,0,100,populated
response_stage_visits.csv,response_stage,confidence,offline_duration_ms,2,2,0,2,0,100,populated
response_stage_visits.csv,response_stage,confidence,submission_count,2,2,0,1,0,100,populated
response_stage_visits.csv,response_stage,confidence,accepted_submission_count,2,2,0,1,0,100,populated
response_stage_visits.csv,response_stage,confidence,validation_rejection_count,2,2,0,2,0,100,populated
response_stage_visits.csv,response_stage,confidence,request_failure_count,2,2,0,2,0,100,populated
response_stage_visits.csv,response_stage,confidence,input_change_count,2,2,0,2,0,100,populated
response_stage_visits.csv,response_stage,confidence,timing_quality_status,2,2,0,0,0,100,populated
response_stage_visits.csv,response_stage,confidence,timing_limitations,2,0,2,0,0,0,all_blank
response_stage_visits.csv,response_stage,confidence,observation_version,2,2,0,0,0,100,populated
response_stage_visits.csv,response_stage,confidence,calculation_version,2,2,0,0,0,100,populated
response_stage_visits.csv,response_stage,tempting_option,research_student_id,1,1,0,0,0,100,populated
response_stage_visits.csv,response_stage,tempting_option,assessment_public_id,1,1,0,0,0,100,populated
response_stage_visits.csv,response_stage,tempting_option,session_public_id,1,1,0,0,0,100,populated
response_stage_visits.csv,response_stage,tempting_option,attempt_number,1,1,0,0,0,100,populated
response_stage_visits.csv,response_stage,tempting_option,item_snapshot_public_id,1,1,0,0,0,100,populated
response_stage_visits.csv,response_stage,tempting_option,item_version,1,1,0,0,0,100,populated
response_stage_visits.csv,response_stage,tempting_option,stage_visit_id,1,1,0,0,0,100,populated
response_stage_visits.csv,response_stage,tempting_option,item_public_id,1,1,0,0,0,100,populated
response_stage_visits.csv,response_stage,tempting_option,browser_tab_id,1,1,0,0,0,100,populated
response_stage_visits.csv,response_stage,tempting_option,response_stage,1,1,0,0,0,100,populated
response_stage_visits.csv,response_stage,tempting_option,response_phase,1,1,0,0,0,100,populated
response_stage_visits.csv,response_stage,tempting_option,ready_at,1,1,0,0,0,100,populated
response_stage_visits.csv,response_stage,tempting_option,first_action_at,1,1,0,0,0,100,populated
response_stage_visits.csv,response_stage,tempting_option,first_input_at,1,0,1,0,0,0,all_blank
response_stage_visits.csv,response_stage,tempting_option,first_submitted_at,1,1,0,0,0,100,populated
response_stage_visits.csv,response_stage,tempting_option,last_accepted_submitted_at,1,1,0,0,0,100,populated
response_stage_visits.csv,response_stage,tempting_option,accepted_at,1,1,0,0,0,100,populated
response_stage_visits.csv,response_stage,tempting_option,closed_at,1,1,0,0,0,100,populated
response_stage_visits.csv,response_stage,tempting_option,close_reason,1,1,0,0,0,100,populated
response_stage_visits.csv,response_stage,tempting_option,time_to_first_action_ms,1,1,0,0,0,100,populated
response_stage_visits.csv,response_stage,tempting_option,input_start_latency_ms,1,0,1,0,0,0,all_blank
response_stage_visits.csv,response_stage,tempting_option,input_elapsed_ms,1,0,1,0,0,0,all_blank
response_stage_visits.csv,response_stage,tempting_option,response_elapsed_ms,1,1,0,0,0,100,populated
response_stage_visits.csv,response_stage,tempting_option,time_to_accepted_submission_ms,1,1,0,0,0,100,populated
response_stage_visits.csv,response_stage,tempting_option,input_to_accepted_ms,1,0,1,0,0,0,all_blank
response_stage_visits.csv,response_stage,tempting_option,stage_elapsed_ms,1,1,0,0,0,100,populated
response_stage_visits.csv,response_stage,tempting_option,request_wait_ms,1,1,0,0,0,100,populated
response_stage_visits.csv,response_stage,tempting_option,system_wait_ms,1,1,0,0,0,100,populated
response_stage_visits.csv,response_stage,tempting_option,hidden_duration_ms,1,1,0,1,0,100,populated
response_stage_visits.csv,response_stage,tempting_option,hidden_count,1,1,0,1,0,100,populated
response_stage_visits.csv,response_stage,tempting_option,return_count,1,1,0,1,0,100,populated
response_stage_visits.csv,response_stage,tempting_option,focus_loss_count,1,1,0,1,0,100,populated
response_stage_visits.csv,response_stage,tempting_option,offline_count,1,1,0,1,0,100,populated
response_stage_visits.csv,response_stage,tempting_option,offline_duration_ms,1,1,0,1,0,100,populated
response_stage_visits.csv,response_stage,tempting_option,submission_count,1,1,0,0,0,100,populated
response_stage_visits.csv,response_stage,tempting_option,accepted_submission_count,1,1,0,0,0,100,populated
response_stage_visits.csv,response_stage,tempting_option,validation_rejection_count,1,1,0,1,0,100,populated
response_stage_visits.csv,response_stage,tempting_option,request_failure_count,1,1,0,1,0,100,populated
response_stage_visits.csv,response_stage,tempting_option,input_change_count,1,1,0,1,0,100,populated
response_stage_visits.csv,response_stage,tempting_option,timing_quality_status,1,1,0,0,0,100,populated
response_stage_visits.csv,response_stage,tempting_option,timing_limitations,1,0,1,0,0,0,all_blank
response_stage_visits.csv,response_stage,tempting_option,observation_version,1,1,0,0,0,100,populated
response_stage_visits.csv,response_stage,tempting_option,calculation_version,1,1,0,0,0,100,populated
response_stage_visits.csv,response_stage,tempting_reason,research_student_id,1,1,0,0,0,100,populated
response_stage_visits.csv,response_stage,tempting_reason,assessment_public_id,1,1,0,0,0,100,populated
response_stage_visits.csv,response_stage,tempting_reason,session_public_id,1,1,0,0,0,100,populated
response_stage_visits.csv,response_stage,tempting_reason,attempt_number,1,1,0,0,0,100,populated
response_stage_visits.csv,response_stage,tempting_reason,item_snapshot_public_id,1,1,0,0,0,100,populated
response_stage_visits.csv,response_stage,tempting_reason,item_version,1,1,0,0,0,100,populated
response_stage_visits.csv,response_stage,tempting_reason,stage_visit_id,1,1,0,0,0,100,populated
response_stage_visits.csv,response_stage,tempting_reason,item_public_id,1,1,0,0,0,100,populated
response_stage_visits.csv,response_stage,tempting_reason,browser_tab_id,1,1,0,0,0,100,populated
response_stage_visits.csv,response_stage,tempting_reason,response_stage,1,1,0,0,0,100,populated
response_stage_visits.csv,response_stage,tempting_reason,response_phase,1,1,0,0,0,100,populated
response_stage_visits.csv,response_stage,tempting_reason,ready_at,1,1,0,0,0,100,populated
response_stage_visits.csv,response_stage,tempting_reason,first_action_at,1,1,0,0,0,100,populated
response_stage_visits.csv,response_stage,tempting_reason,first_input_at,1,1,0,0,0,100,populated
response_stage_visits.csv,response_stage,tempting_reason,first_submitted_at,1,1,0,0,0,100,populated
response_stage_visits.csv,response_stage,tempting_reason,last_accepted_submitted_at,1,1,0,0,0,100,populated
response_stage_visits.csv,response_stage,tempting_reason,accepted_at,1,1,0,0,0,100,populated
response_stage_visits.csv,response_stage,tempting_reason,closed_at,1,1,0,0,0,100,populated
response_stage_visits.csv,response_stage,tempting_reason,close_reason,1,1,0,0,0,100,populated
response_stage_visits.csv,response_stage,tempting_reason,time_to_first_action_ms,1,1,0,0,0,100,populated
response_stage_visits.csv,response_stage,tempting_reason,input_start_latency_ms,1,1,0,0,0,100,populated
response_stage_visits.csv,response_stage,tempting_reason,input_elapsed_ms,1,1,0,0,0,100,populated
response_stage_visits.csv,response_stage,tempting_reason,response_elapsed_ms,1,1,0,0,0,100,populated
response_stage_visits.csv,response_stage,tempting_reason,time_to_accepted_submission_ms,1,1,0,0,0,100,populated
response_stage_visits.csv,response_stage,tempting_reason,input_to_accepted_ms,1,1,0,0,0,100,populated
response_stage_visits.csv,response_stage,tempting_reason,stage_elapsed_ms,1,1,0,0,0,100,populated
response_stage_visits.csv,response_stage,tempting_reason,request_wait_ms,1,1,0,0,0,100,populated
response_stage_visits.csv,response_stage,tempting_reason,system_wait_ms,1,1,0,0,0,100,populated
response_stage_visits.csv,response_stage,tempting_reason,hidden_duration_ms,1,1,0,1,0,100,populated
response_stage_visits.csv,response_stage,tempting_reason,hidden_count,1,1,0,1,0,100,populated
response_stage_visits.csv,response_stage,tempting_reason,return_count,1,1,0,1,0,100,populated
response_stage_visits.csv,response_stage,tempting_reason,focus_loss_count,1,1,0,1,0,100,populated
response_stage_visits.csv,response_stage,tempting_reason,offline_count,1,1,0,1,0,100,populated
response_stage_visits.csv,response_stage,tempting_reason,offline_duration_ms,1,1,0,1,0,100,populated
response_stage_visits.csv,response_stage,tempting_reason,submission_count,1,1,0,0,0,100,populated
response_stage_visits.csv,response_stage,tempting_reason,accepted_submission_count,1,1,0,0,0,100,populated
response_stage_visits.csv,response_stage,tempting_reason,validation_rejection_count,1,1,0,1,0,100,populated
response_stage_visits.csv,response_stage,tempting_reason,request_failure_count,1,1,0,1,0,100,populated
response_stage_visits.csv,response_stage,tempting_reason,input_change_count,1,1,0,0,0,100,populated
response_stage_visits.csv,response_stage,tempting_reason,timing_quality_status,1,1,0,0,0,100,populated
response_stage_visits.csv,response_stage,tempting_reason,timing_limitations,1,0,1,0,0,0,all_blank
response_stage_visits.csv,response_stage,tempting_reason,observation_version,1,1,0,0,0,100,populated
response_stage_visits.csv,response_stage,tempting_reason,calculation_version,1,1,0,0,0,100,populated
item_behavior_summary.csv,all_rows,all,research_student_id,2,2,0,0,0,100,populated
item_behavior_summary.csv,all_rows,all,assessment_public_id,2,2,0,0,0,100,populated
item_behavior_summary.csv,all_rows,all,session_public_id,2,2,0,0,0,100,populated
item_behavior_summary.csv,all_rows,all,attempt_number,2,2,0,0,0,100,populated
item_behavior_summary.csv,all_rows,all,item_public_id,2,2,0,0,0,100,populated
item_behavior_summary.csv,all_rows,all,item_snapshot_public_id,2,1,1,0,0,50,partly_populated
item_behavior_summary.csv,all_rows,all,item_version,2,1,1,0,0,50,partly_populated
item_behavior_summary.csv,all_rows,all,observed_stage_visit_count,2,2,0,0,0,100,populated
item_behavior_summary.csv,all_rows,all,answer_time_ms,2,1,1,0,0,50,partly_populated
item_behavior_summary.csv,all_rows,all,first_action_ms,2,1,1,0,0,50,partly_populated
item_behavior_summary.csv,all_rows,all,reasoning_start_latency_ms,2,1,1,0,0,50,partly_populated
item_behavior_summary.csv,all_rows,all,reasoning_time_ms,2,1,1,0,0,50,partly_populated
item_behavior_summary.csv,all_rows,all,reasoning_input_elapsed_ms,2,1,1,0,0,50,partly_populated
item_behavior_summary.csv,all_rows,all,confidence_time_ms,2,0,2,0,0,0,all_blank
item_behavior_summary.csv,all_rows,all,system_wait_ms,2,2,0,1,0,100,populated
item_behavior_summary.csv,all_rows,all,hidden_duration_ms,2,2,0,2,0,100,populated
item_behavior_summary.csv,all_rows,all,submission_count,2,2,0,1,0,100,populated
item_behavior_summary.csv,all_rows,all,validation_rejection_count,2,2,0,1,0,100,populated
item_behavior_summary.csv,all_rows,all,timing_quality_status,2,2,0,0,0,100,populated
item_behavior_summary.csv,all_rows,all,calculation_version,2,2,0,0,0,100,populated
response_stage_events.csv,all_rows,all,research_student_id,51,51,0,0,0,100,populated
response_stage_events.csv,all_rows,all,assessment_public_id,51,51,0,0,0,100,populated
response_stage_events.csv,all_rows,all,session_public_id,51,51,0,0,0,100,populated
response_stage_events.csv,all_rows,all,attempt_number,51,51,0,0,0,100,populated
response_stage_events.csv,all_rows,all,item_public_id,51,51,0,0,0,100,populated
response_stage_events.csv,all_rows,all,item_snapshot_public_id,51,47,4,0,0,92.16,partly_populated
response_stage_events.csv,all_rows,all,item_version,51,47,4,0,0,92.16,partly_populated
response_stage_events.csv,all_rows,all,event_type,51,51,0,0,0,100,populated
response_stage_events.csv,all_rows,all,event_source,51,51,0,0,0,100,populated
response_stage_events.csv,all_rows,all,occurred_at,51,51,0,0,0,100,populated
response_stage_events.csv,all_rows,all,stage_visit_id,51,51,0,0,0,100,populated
response_stage_events.csv,all_rows,all,browser_tab_id,51,44,7,0,0,86.27,partly_populated
response_stage_events.csv,all_rows,all,response_stage,51,44,7,0,0,86.27,partly_populated
response_stage_events.csv,all_rows,all,response_phase,51,44,7,0,0,86.27,partly_populated
response_stage_events.csv,all_rows,all,observation_kind,51,44,7,0,0,86.27,partly_populated
response_stage_events.csv,all_rows,all,observation_sequence,51,44,7,0,0,86.27,partly_populated
response_stage_events.csv,all_rows,all,monotonic_ms,51,44,7,0,0,86.27,partly_populated
response_stage_events.csv,all_rows,all,submission_id,51,28,23,0,0,54.9,partly_populated
response_stage_events.csv,all_rows,all,result,51,7,44,0,0,13.73,partly_populated
response_stage_events.csv,all_rows,all,input_length,51,3,48,0,0,5.88,partly_populated
response_stage_events.csv,all_rows,all,input_change_count,51,16,35,9,0,31.37,partly_populated
response_stage_events.csv,all_rows,all,reason,51,9,42,0,0,17.65,partly_populated
response_stage_events.csv,all_rows,all,client_event_id,51,44,7,0,0,86.27,partly_populated
response_stage_events.csv,all_rows,all,client_occurred_at,51,44,7,0,0,86.27,partly_populated
response_stage_events.csv,all_rows,all,server_received_at,51,44,7,0,0,86.27,partly_populated
response_stage_events.csv,all_rows,all,observation_version,51,51,0,0,0,100,populated
response_stage_events.csv,all_rows,all,action_status,51,7,44,0,0,13.73,partly_populated
response_stage_events.csv,all_rows,all,accepted,51,6,45,0,0,11.76,partly_populated
response_stage_events.csv,all_rows,all,validation_rejected,51,1,50,0,0,1.96,partly_populated
response_stage_events.csv,all_rows,all,server_phase,51,7,44,0,0,13.73,partly_populated
response_stage_events.csv,all_rows,all,client_action_id,51,7,44,0,0,13.73,partly_populated
response_stage_events.csv,response_stage,answer,research_student_id,9,9,0,0,0,100,populated
response_stage_events.csv,response_stage,answer,assessment_public_id,9,9,0,0,0,100,populated
response_stage_events.csv,response_stage,answer,session_public_id,9,9,0,0,0,100,populated
response_stage_events.csv,response_stage,answer,attempt_number,9,9,0,0,0,100,populated
response_stage_events.csv,response_stage,answer,item_public_id,9,9,0,0,0,100,populated
response_stage_events.csv,response_stage,answer,item_snapshot_public_id,9,5,4,0,0,55.56,partly_populated
response_stage_events.csv,response_stage,answer,item_version,9,5,4,0,0,55.56,partly_populated
response_stage_events.csv,response_stage,answer,event_type,9,9,0,0,0,100,populated
response_stage_events.csv,response_stage,answer,event_source,9,9,0,0,0,100,populated
response_stage_events.csv,response_stage,answer,occurred_at,9,9,0,0,0,100,populated
response_stage_events.csv,response_stage,answer,stage_visit_id,9,9,0,0,0,100,populated
response_stage_events.csv,response_stage,answer,browser_tab_id,9,9,0,0,0,100,populated
response_stage_events.csv,response_stage,answer,response_stage,9,9,0,0,0,100,populated
response_stage_events.csv,response_stage,answer,response_phase,9,9,0,0,0,100,populated
response_stage_events.csv,response_stage,answer,observation_kind,9,9,0,0,0,100,populated
response_stage_events.csv,response_stage,answer,observation_sequence,9,9,0,0,0,100,populated
response_stage_events.csv,response_stage,answer,monotonic_ms,9,9,0,0,0,100,populated
response_stage_events.csv,response_stage,answer,submission_id,9,3,6,0,0,33.33,partly_populated
response_stage_events.csv,response_stage,answer,result,9,1,8,0,0,11.11,partly_populated
response_stage_events.csv,response_stage,answer,input_length,9,0,9,0,0,0,all_blank
response_stage_events.csv,response_stage,answer,input_change_count,9,4,5,4,0,44.44,partly_populated
response_stage_events.csv,response_stage,answer,reason,9,3,6,0,0,33.33,partly_populated
response_stage_events.csv,response_stage,answer,client_event_id,9,9,0,0,0,100,populated
response_stage_events.csv,response_stage,answer,client_occurred_at,9,9,0,0,0,100,populated
response_stage_events.csv,response_stage,answer,server_received_at,9,9,0,0,0,100,populated
response_stage_events.csv,response_stage,answer,observation_version,9,9,0,0,0,100,populated
response_stage_events.csv,response_stage,answer,action_status,9,0,9,0,0,0,all_blank
response_stage_events.csv,response_stage,answer,accepted,9,0,9,0,0,0,all_blank
response_stage_events.csv,response_stage,answer,validation_rejected,9,0,9,0,0,0,all_blank
response_stage_events.csv,response_stage,answer,server_phase,9,0,9,0,0,0,all_blank
response_stage_events.csv,response_stage,answer,client_action_id,9,0,9,0,0,0,all_blank
response_stage_events.csv,response_stage,reasoning,research_student_id,17,17,0,0,0,100,populated
response_stage_events.csv,response_stage,reasoning,assessment_public_id,17,17,0,0,0,100,populated
response_stage_events.csv,response_stage,reasoning,session_public_id,17,17,0,0,0,100,populated
response_stage_events.csv,response_stage,reasoning,attempt_number,17,17,0,0,0,100,populated
response_stage_events.csv,response_stage,reasoning,item_public_id,17,17,0,0,0,100,populated
response_stage_events.csv,response_stage,reasoning,item_snapshot_public_id,17,17,0,0,0,100,populated
response_stage_events.csv,response_stage,reasoning,item_version,17,17,0,0,0,100,populated
response_stage_events.csv,response_stage,reasoning,event_type,17,17,0,0,0,100,populated
response_stage_events.csv,response_stage,reasoning,event_source,17,17,0,0,0,100,populated
response_stage_events.csv,response_stage,reasoning,occurred_at,17,17,0,0,0,100,populated
response_stage_events.csv,response_stage,reasoning,stage_visit_id,17,17,0,0,0,100,populated
response_stage_events.csv,response_stage,reasoning,browser_tab_id,17,17,0,0,0,100,populated
response_stage_events.csv,response_stage,reasoning,response_stage,17,17,0,0,0,100,populated
response_stage_events.csv,response_stage,reasoning,response_phase,17,17,0,0,0,100,populated
response_stage_events.csv,response_stage,reasoning,observation_kind,17,17,0,0,0,100,populated
response_stage_events.csv,response_stage,reasoning,observation_sequence,17,17,0,0,0,100,populated
response_stage_events.csv,response_stage,reasoning,monotonic_ms,17,17,0,0,0,100,populated
response_stage_events.csv,response_stage,reasoning,submission_id,17,9,8,0,0,52.94,partly_populated
response_stage_events.csv,response_stage,reasoning,result,17,3,14,0,0,17.65,partly_populated
response_stage_events.csv,response_stage,reasoning,input_length,17,2,15,0,0,11.76,partly_populated
response_stage_events.csv,response_stage,reasoning,input_change_count,17,5,12,0,0,29.41,partly_populated
response_stage_events.csv,response_stage,reasoning,reason,17,2,15,0,0,11.76,partly_populated
response_stage_events.csv,response_stage,reasoning,client_event_id,17,17,0,0,0,100,populated
response_stage_events.csv,response_stage,reasoning,client_occurred_at,17,17,0,0,0,100,populated
response_stage_events.csv,response_stage,reasoning,server_received_at,17,17,0,0,0,100,populated
response_stage_events.csv,response_stage,reasoning,observation_version,17,17,0,0,0,100,populated
response_stage_events.csv,response_stage,reasoning,action_status,17,0,17,0,0,0,all_blank
response_stage_events.csv,response_stage,reasoning,accepted,17,0,17,0,0,0,all_blank
response_stage_events.csv,response_stage,reasoning,validation_rejected,17,0,17,0,0,0,all_blank
response_stage_events.csv,response_stage,reasoning,server_phase,17,0,17,0,0,0,all_blank
response_stage_events.csv,response_stage,reasoning,client_action_id,17,0,17,0,0,0,all_blank
response_stage_events.csv,response_stage,confidence,research_student_id,7,7,0,0,0,100,populated
response_stage_events.csv,response_stage,confidence,assessment_public_id,7,7,0,0,0,100,populated
response_stage_events.csv,response_stage,confidence,session_public_id,7,7,0,0,0,100,populated
response_stage_events.csv,response_stage,confidence,attempt_number,7,7,0,0,0,100,populated
response_stage_events.csv,response_stage,confidence,item_public_id,7,7,0,0,0,100,populated
response_stage_events.csv,response_stage,confidence,item_snapshot_public_id,7,7,0,0,0,100,populated
response_stage_events.csv,response_stage,confidence,item_version,7,7,0,0,0,100,populated
response_stage_events.csv,response_stage,confidence,event_type,7,7,0,0,0,100,populated
response_stage_events.csv,response_stage,confidence,event_source,7,7,0,0,0,100,populated
response_stage_events.csv,response_stage,confidence,occurred_at,7,7,0,0,0,100,populated
response_stage_events.csv,response_stage,confidence,stage_visit_id,7,7,0,0,0,100,populated
response_stage_events.csv,response_stage,confidence,browser_tab_id,7,7,0,0,0,100,populated
response_stage_events.csv,response_stage,confidence,response_stage,7,7,0,0,0,100,populated
response_stage_events.csv,response_stage,confidence,response_phase,7,7,0,0,0,100,populated
response_stage_events.csv,response_stage,confidence,observation_kind,7,7,0,0,0,100,populated
response_stage_events.csv,response_stage,confidence,observation_sequence,7,7,0,0,0,100,populated
response_stage_events.csv,response_stage,confidence,monotonic_ms,7,7,0,0,0,100,populated
response_stage_events.csv,response_stage,confidence,submission_id,7,3,4,0,0,42.86,partly_populated
response_stage_events.csv,response_stage,confidence,result,7,1,6,0,0,14.29,partly_populated
response_stage_events.csv,response_stage,confidence,input_length,7,0,7,0,0,0,all_blank
response_stage_events.csv,response_stage,confidence,input_change_count,7,3,4,3,0,42.86,partly_populated
response_stage_events.csv,response_stage,confidence,reason,7,2,5,0,0,28.57,partly_populated
response_stage_events.csv,response_stage,confidence,client_event_id,7,7,0,0,0,100,populated
response_stage_events.csv,response_stage,confidence,client_occurred_at,7,7,0,0,0,100,populated
response_stage_events.csv,response_stage,confidence,server_received_at,7,7,0,0,0,100,populated
response_stage_events.csv,response_stage,confidence,observation_version,7,7,0,0,0,100,populated
response_stage_events.csv,response_stage,confidence,action_status,7,0,7,0,0,0,all_blank
response_stage_events.csv,response_stage,confidence,accepted,7,0,7,0,0,0,all_blank
response_stage_events.csv,response_stage,confidence,validation_rejected,7,0,7,0,0,0,all_blank
response_stage_events.csv,response_stage,confidence,server_phase,7,0,7,0,0,0,all_blank
response_stage_events.csv,response_stage,confidence,client_action_id,7,0,7,0,0,0,all_blank
response_stage_events.csv,response_stage,tempting_option,research_student_id,5,5,0,0,0,100,populated
response_stage_events.csv,response_stage,tempting_option,assessment_public_id,5,5,0,0,0,100,populated
response_stage_events.csv,response_stage,tempting_option,session_public_id,5,5,0,0,0,100,populated
response_stage_events.csv,response_stage,tempting_option,attempt_number,5,5,0,0,0,100,populated
response_stage_events.csv,response_stage,tempting_option,item_public_id,5,5,0,0,0,100,populated
response_stage_events.csv,response_stage,tempting_option,item_snapshot_public_id,5,5,0,0,0,100,populated
response_stage_events.csv,response_stage,tempting_option,item_version,5,5,0,0,0,100,populated
response_stage_events.csv,response_stage,tempting_option,event_type,5,5,0,0,0,100,populated
response_stage_events.csv,response_stage,tempting_option,event_source,5,5,0,0,0,100,populated
response_stage_events.csv,response_stage,tempting_option,occurred_at,5,5,0,0,0,100,populated
response_stage_events.csv,response_stage,tempting_option,stage_visit_id,5,5,0,0,0,100,populated
response_stage_events.csv,response_stage,tempting_option,browser_tab_id,5,5,0,0,0,100,populated
response_stage_events.csv,response_stage,tempting_option,response_stage,5,5,0,0,0,100,populated
response_stage_events.csv,response_stage,tempting_option,response_phase,5,5,0,0,0,100,populated
response_stage_events.csv,response_stage,tempting_option,observation_kind,5,5,0,0,0,100,populated
response_stage_events.csv,response_stage,tempting_option,observation_sequence,5,5,0,0,0,100,populated
response_stage_events.csv,response_stage,tempting_option,monotonic_ms,5,5,0,0,0,100,populated
response_stage_events.csv,response_stage,tempting_option,submission_id,5,3,2,0,0,60,partly_populated
response_stage_events.csv,response_stage,tempting_option,result,5,1,4,0,0,20,partly_populated
response_stage_events.csv,response_stage,tempting_option,input_length,5,0,5,0,0,0,all_blank
response_stage_events.csv,response_stage,tempting_option,input_change_count,5,2,3,2,0,40,partly_populated
response_stage_events.csv,response_stage,tempting_option,reason,5,1,4,0,0,20,partly_populated
response_stage_events.csv,response_stage,tempting_option,client_event_id,5,5,0,0,0,100,populated
response_stage_events.csv,response_stage,tempting_option,client_occurred_at,5,5,0,0,0,100,populated
response_stage_events.csv,response_stage,tempting_option,server_received_at,5,5,0,0,0,100,populated
response_stage_events.csv,response_stage,tempting_option,observation_version,5,5,0,0,0,100,populated
response_stage_events.csv,response_stage,tempting_option,action_status,5,0,5,0,0,0,all_blank
response_stage_events.csv,response_stage,tempting_option,accepted,5,0,5,0,0,0,all_blank
response_stage_events.csv,response_stage,tempting_option,validation_rejected,5,0,5,0,0,0,all_blank
response_stage_events.csv,response_stage,tempting_option,server_phase,5,0,5,0,0,0,all_blank
response_stage_events.csv,response_stage,tempting_option,client_action_id,5,0,5,0,0,0,all_blank
response_stage_events.csv,response_stage,tempting_reason,research_student_id,6,6,0,0,0,100,populated
response_stage_events.csv,response_stage,tempting_reason,assessment_public_id,6,6,0,0,0,100,populated
response_stage_events.csv,response_stage,tempting_reason,session_public_id,6,6,0,0,0,100,populated
response_stage_events.csv,response_stage,tempting_reason,attempt_number,6,6,0,0,0,100,populated
response_stage_events.csv,response_stage,tempting_reason,item_public_id,6,6,0,0,0,100,populated
response_stage_events.csv,response_stage,tempting_reason,item_snapshot_public_id,6,6,0,0,0,100,populated
response_stage_events.csv,response_stage,tempting_reason,item_version,6,6,0,0,0,100,populated
response_stage_events.csv,response_stage,tempting_reason,event_type,6,6,0,0,0,100,populated
response_stage_events.csv,response_stage,tempting_reason,event_source,6,6,0,0,0,100,populated
response_stage_events.csv,response_stage,tempting_reason,occurred_at,6,6,0,0,0,100,populated
response_stage_events.csv,response_stage,tempting_reason,stage_visit_id,6,6,0,0,0,100,populated
response_stage_events.csv,response_stage,tempting_reason,browser_tab_id,6,6,0,0,0,100,populated
response_stage_events.csv,response_stage,tempting_reason,response_stage,6,6,0,0,0,100,populated
response_stage_events.csv,response_stage,tempting_reason,response_phase,6,6,0,0,0,100,populated
response_stage_events.csv,response_stage,tempting_reason,observation_kind,6,6,0,0,0,100,populated
response_stage_events.csv,response_stage,tempting_reason,observation_sequence,6,6,0,0,0,100,populated
response_stage_events.csv,response_stage,tempting_reason,monotonic_ms,6,6,0,0,0,100,populated
response_stage_events.csv,response_stage,tempting_reason,submission_id,6,3,3,0,0,50,partly_populated
response_stage_events.csv,response_stage,tempting_reason,result,6,1,5,0,0,16.67,partly_populated
response_stage_events.csv,response_stage,tempting_reason,input_length,6,1,5,0,0,16.67,partly_populated
response_stage_events.csv,response_stage,tempting_reason,input_change_count,6,2,4,0,0,33.33,partly_populated
response_stage_events.csv,response_stage,tempting_reason,reason,6,1,5,0,0,16.67,partly_populated
response_stage_events.csv,response_stage,tempting_reason,client_event_id,6,6,0,0,0,100,populated
response_stage_events.csv,response_stage,tempting_reason,client_occurred_at,6,6,0,0,0,100,populated
response_stage_events.csv,response_stage,tempting_reason,server_received_at,6,6,0,0,0,100,populated
response_stage_events.csv,response_stage,tempting_reason,observation_version,6,6,0,0,0,100,populated
response_stage_events.csv,response_stage,tempting_reason,action_status,6,0,6,0,0,0,all_blank
response_stage_events.csv,response_stage,tempting_reason,accepted,6,0,6,0,0,0,all_blank
response_stage_events.csv,response_stage,tempting_reason,validation_rejected,6,0,6,0,0,0,all_blank
response_stage_events.csv,response_stage,tempting_reason,server_phase,6,0,6,0,0,0,all_blank
response_stage_events.csv,response_stage,tempting_reason,client_action_id,6,0,6,0,0,0,all_blank
response_revision_history.csv,all_rows,all,research_student_id,1,1,0,0,0,100,populated
response_revision_history.csv,all_rows,all,assessment_public_id,1,1,0,0,0,100,populated
response_revision_history.csv,all_rows,all,session_public_id,1,1,0,0,0,100,populated
response_revision_history.csv,all_rows,all,attempt_number,1,1,0,0,0,100,populated
response_revision_history.csv,all_rows,all,item_public_id,1,1,0,0,0,100,populated
response_revision_history.csv,all_rows,all,item_snapshot_public_id,1,1,0,0,0,100,populated
response_revision_history.csv,all_rows,all,item_version,1,1,0,0,0,100,populated
response_revision_history.csv,all_rows,all,source_turn_sequence_index,1,1,0,0,0,100,populated
response_revision_history.csv,all_rows,all,changed_at,1,1,0,0,0,100,populated
response_revision_history.csv,all_rows,all,changed_field,1,1,0,0,0,100,populated
response_revision_history.csv,all_rows,all,previous_value,1,1,0,0,0,100,populated
response_revision_history.csv,all_rows,all,new_value,1,1,0,0,0,100,populated
response_revision_history.csv,all_rows,all,revision_phase,1,1,0,0,0,100,populated
response_revision_history.csv,all_rows,all,coverage,1,1,0,0,0,100,populated
feedback_exposure_events.csv,all_rows,all,research_student_id,0,0,0,0,0,,no_rows
feedback_exposure_events.csv,all_rows,all,assessment_public_id,0,0,0,0,0,,no_rows
feedback_exposure_events.csv,all_rows,all,session_public_id,0,0,0,0,0,,no_rows
feedback_exposure_events.csv,all_rows,all,attempt_number,0,0,0,0,0,,no_rows
feedback_exposure_events.csv,all_rows,all,item_public_id,0,0,0,0,0,,no_rows
feedback_exposure_events.csv,all_rows,all,item_snapshot_public_id,0,0,0,0,0,,no_rows
feedback_exposure_events.csv,all_rows,all,item_version,0,0,0,0,0,,no_rows
feedback_exposure_events.csv,all_rows,all,event_type,0,0,0,0,0,,no_rows
feedback_exposure_events.csv,all_rows,all,event_source,0,0,0,0,0,,no_rows
feedback_exposure_events.csv,all_rows,all,occurred_at,0,0,0,0,0,,no_rows
feedback_exposure_events.csv,all_rows,all,client_occurred_at,0,0,0,0,0,,no_rows
feedback_exposure_events.csv,all_rows,all,content_id,0,0,0,0,0,,no_rows
feedback_exposure_events.csv,all_rows,all,observation_meaning,0,0,0,0,0,,no_rows
sessions.csv,all_rows,all,profile_projection_version,1,0,1,0,0,0,all_blank
sessions.csv,all_rows,all,profile_record_id,1,0,1,0,0,0,all_blank
sessions.csv,all_rows,all,profile_record_role,1,0,1,0,0,0,all_blank
sessions.csv,all_rows,all,profile_validation_status,1,0,1,0,0,0,all_blank
sessions.csv,all_rows,all,profile_valid_for_learning_analysis,1,0,1,0,0,0,all_blank
sessions.csv,all_rows,all,profile_source_agent_call_public_id,1,0,1,0,0,0,all_blank
sessions.csv,all_rows,all,profile_source_agent_name,1,0,1,0,0,0,all_blank
sessions.csv,all_rows,all,profile_source_call_status,1,0,1,0,0,0,all_blank
sessions.csv,all_rows,all,profile_source_output_validated,1,0,1,0,0,0,all_blank
sessions.csv,all_rows,all,profile_source_prompt_version,1,0,1,0,0,0,all_blank
sessions.csv,all_rows,all,profile_source_schema_version,1,0,1,0,0,0,all_blank
sessions.csv,all_rows,all,profile_unavailable_reason,1,0,1,0,0,0,all_blank
sessions.csv,all_rows,all,profile_dimensions_status,1,0,1,0,0,0,all_blank
sessions.csv,all_rows,all,profile_native_confidence_alignment,1,0,1,0,0,0,all_blank
sessions.csv,all_rows,all,profile_confidence_alignment_scope,1,0,1,0,0,0,all_blank
sessions.csv,all_rows,all,misconception_indicator_count,1,0,1,0,0,0,all_blank
sessions.csv,all_rows,all,misconception_claim_count,1,0,1,0,0,0,all_blank
sessions.csv,all_rows,all,item_level_evidence_count,1,0,1,0,0,0,all_blank
sessions.csv,all_rows,all,item_level_evidence_available,1,0,1,0,0,0,all_blank
sessions.csv,all_rows,all,item_level_evidence_format,1,0,1,0,0,0,all_blank
sessions.csv,all_rows,all,research_student_id,1,1,0,0,0,100,populated
sessions.csv,all_rows,all,student_id,1,1,0,0,0,100,populated
sessions.csv,all_rows,all,student_public_id,1,1,0,0,0,100,populated
sessions.csv,all_rows,all,research_pseudonym_version,1,1,0,0,0,100,populated
sessions.csv,all_rows,all,pseudonymization_method,1,1,0,0,0,100,populated
sessions.csv,all_rows,all,pseudonymization_version,1,1,0,0,0,100,populated
sessions.csv,all_rows,all,pseudonymization_key_fingerprint,1,1,0,0,0,100,populated
sessions.csv,all_rows,all,assessment_public_id,1,1,0,0,0,100,populated
sessions.csv,all_rows,all,assessment_snapshot_public_id,1,1,0,0,0,100,populated
sessions.csv,all_rows,all,session_public_id,1,1,0,0,0,100,populated
sessions.csv,all_rows,all,attempt_number,1,1,0,0,0,100,populated
sessions.csv,all_rows,all,export_run_public_id,1,1,0,0,0,100,populated
sessions.csv,all_rows,all,export_generated_at,1,1,0,0,0,100,populated
sessions.csv,all_rows,all,export_schema_version,1,1,0,0,0,100,populated
sessions.csv,all_rows,all,app_environment,1,1,0,0,0,100,populated
sessions.csv,all_rows,all,app_commit_sha,1,1,0,0,0,100,populated
sessions.csv,all_rows,all,database_instance_fingerprint,1,1,0,0,0,100,populated
sessions.csv,all_rows,all,context_schema_version,1,1,0,0,0,100,populated
sessions.csv,all_rows,all,assessment_context_hash,1,1,0,0,0,100,populated
sessions.csv,all_rows,all,assessment_title,1,1,0,0,0,100,populated
sessions.csv,all_rows,all,assessment_status,1,1,0,0,0,100,populated
sessions.csv,all_rows,all,folder_week_module,1,1,0,0,0,100,populated
sessions.csv,all_rows,all,release_at,1,0,1,0,0,0,all_blank
sessions.csv,all_rows,all,close_at,1,0,1,0,0,0,all_blank
sessions.csv,all_rows,all,session_status,1,1,0,0,0,100,populated
sessions.csv,all_rows,all,current_phase,1,1,0,0,0,100,populated
sessions.csv,all_rows,all,started_at,1,1,0,0,0,100,populated
sessions.csv,all_rows,all,last_activity_at,1,1,0,0,0,100,populated
sessions.csv,all_rows,all,completed_at,1,0,1,0,0,0,all_blank
sessions.csv,all_rows,all,resumed_at,1,0,1,0,0,0,all_blank
sessions.csv,all_rows,all,exited_at,1,0,1,0,0,0,all_blank
sessions.csv,all_rows,all,attempt_lifecycle_status,1,1,0,0,0,100,populated
sessions.csv,all_rows,all,terminal_reason,1,1,0,0,0,100,populated
sessions.csv,all_rows,all,ended_by_actor,1,0,1,0,0,0,all_blank
sessions.csv,all_rows,all,pause_count,1,1,0,0,0,100,populated
sessions.csv,all_rows,all,resume_count,1,1,0,1,0,100,populated
sessions.csv,all_rows,all,last_runtime_state,1,0,1,0,0,0,all_blank
sessions.csv,all_rows,all,formative_activity_completion_status,1,0,1,0,0,0,all_blank
sessions.csv,all_rows,all,activity_skip_reason,1,0,1,0,0,0,all_blank
sessions.csv,all_rows,all,selected_navigation_destination,1,0,1,0,0,0,all_blank
sessions.csv,all_rows,all,assessment_completion_reason,1,1,0,0,0,100,populated
sessions.csv,all_rows,all,attempt_policy_version,1,1,0,0,0,100,populated
sessions.csv,all_rows,all,teacher_override_metadata,1,0,1,0,0,0,all_blank
sessions.csv,all_rows,all,actual_initial_item_count,1,1,0,0,0,100,populated
sessions.csv,all_rows,all,completed_initial_item_count,1,1,0,0,0,100,populated
sessions.csv,all_rows,all,current_item_index,1,1,0,0,0,100,populated
sessions.csv,all_rows,all,session_completion_status,1,1,0,0,0,100,populated
sessions.csv,all_rows,all,session_limitations,1,0,1,0,0,0,all_blank
sessions.csv,all_rows,all,session_wall_clock_elapsed_ms,1,1,0,0,0,100,populated
sessions.csv,all_rows,all,session_resumable_active_window_ms,1,1,0,0,0,100,populated
sessions.csv,all_rows,all,session_visible_window_ms,1,0,1,0,0,0,all_blank
sessions.csv,all_rows,all,session_active_interaction_time_ms,1,0,1,0,0,0,all_blank
sessions.csv,all_rows,all,session_idle_time_ms,1,0,1,0,0,0,all_blank
sessions.csv,all_rows,all,active_interaction_time_ms,1,0,1,0,0,0,all_blank
sessions.csv,all_rows,all,elapsed_session_time_ms,1,1,0,0,0,100,populated
sessions.csv,all_rows,all,timing_metric_available,1,1,0,0,0,100,populated
sessions.csv,all_rows,all,timing_metric_type,1,1,0,0,0,100,populated
sessions.csv,all_rows,all,total_idle_time_ms,1,0,1,0,0,0,all_blank
sessions.csv,all_rows,all,total_page_hidden_ms,1,0,1,0,0,0,all_blank
sessions.csv,all_rows,all,page_hidden_interval_count,1,1,0,1,0,100,populated
sessions.csv,all_rows,all,page_hidden_timing_quality_status,1,1,0,0,0,100,populated
sessions.csv,all_rows,all,idle_ratio,1,0,1,0,0,0,all_blank
sessions.csv,all_rows,all,long_pause_count,1,1,0,1,0,100,populated
sessions.csv,all_rows,all,total_long_pause_ms,1,0,1,0,0,0,all_blank
sessions.csv,all_rows,all,maximum_long_pause_ms,1,0,1,0,0,0,all_blank
sessions.csv,all_rows,all,timing_contract_version,1,1,0,0,0,100,populated
sessions.csv,all_rows,all,timing_source_version,1,1,0,0,0,100,populated
sessions.csv,all_rows,all,timing_quality_status,1,1,0,0,0,100,populated
sessions.csv,all_rows,all,timing_limitations,1,1,0,0,0,100,populated
sessions.csv,all_rows,all,derived_at,1,1,0,0,0,100,populated
sessions.csv,all_rows,all,instrumentation_complete,1,1,0,0,1,100,populated
sessions.csv,all_rows,all,item_response_count,1,1,0,0,0,100,populated
sessions.csv,all_rows,all,process_event_count,1,1,0,0,0,100,populated
sessions.csv,all_rows,all,conversation_turn_count,1,1,0,0,0,100,populated
sessions.csv,all_rows,all,agent_call_count,1,1,0,1,0,100,populated
sessions.csv,all_rows,all,total_input_tokens,1,1,0,1,0,100,populated
sessions.csv,all_rows,all,total_output_tokens,1,1,0,1,0,100,populated
sessions.csv,all_rows,all,total_tokens,1,1,0,1,0,100,populated
sessions.csv,all_rows,all,formative_activity_attempt_count,1,1,0,1,0,100,populated
sessions.csv,all_rows,all,post_activity_evidence_count,1,1,0,1,0,100,populated
sessions.csv,all_rows,all,diagnostic_snapshot_count,1,1,0,1,0,100,populated
sessions.csv,all_rows,all,assessment_specific_understanding_category,1,0,1,0,0,0,all_blank
sessions.csv,all_rows,all,reasoning_quality_category,1,0,1,0,0,0,all_blank
sessions.csv,all_rows,all,confidence_calibration_category,1,0,1,0,0,0,all_blank
sessions.csv,all_rows,all,evidence_limitation_codes,1,0,1,0,0,0,all_blank
sessions.csv,all_rows,all,growth_target,1,0,1,0,0,0,all_blank
sessions.csv,all_rows,all,answer_reveal_policy,1,0,1,0,0,0,all_blank
sessions.csv,all_rows,all,correctness_status_reveal_policy,1,0,1,0,0,0,all_blank
sessions.csv,all_rows,all,next_interaction_type,1,0,1,0,0,0,all_blank
sessions.csv,all_rows,all,package_completion_operation_id,1,0,1,0,0,0,all_blank
sessions.csv,all_rows,all,package_completion_workflow_stage,1,0,1,0,0,0,all_blank
sessions.csv,all_rows,all,package_completion_recovery_status,1,0,1,0,0,0,all_blank
sessions.csv,all_rows,all,canonical_runtime_state,1,1,0,0,0,100,populated
sessions.csv,all_rows,all,active_next_interaction_id,1,0,1,0,0,0,all_blank
sessions.csv,all_rows,all,active_activity_id,1,0,1,0,0,0,all_blank
sessions.csv,all_rows,all,display_acknowledgement,1,1,0,0,0,100,populated
sessions.csv,all_rows,all,display_event_contract_version,1,0,1,0,0,0,all_blank
sessions.csv,all_rows,all,answer_review_display_acknowledgement,1,1,0,0,0,100,populated
sessions.csv,all_rows,all,answer_review_display_event_contract_version,1,0,1,0,0,0,all_blank
sessions.csv,all_rows,all,conflict_recovery_metadata,1,1,0,0,0,100,populated
sessions.csv,all_rows,all,activity_type,1,0,1,0,0,0,all_blank
sessions.csv,all_rows,all,routing_policy_version,1,0,1,0,0,0,all_blank
sessions.csv,all_rows,all,activity_taxonomy_version,1,0,1,0,0,0,all_blank
sessions.csv,all_rows,all,evidence_profile_schema_version,1,0,1,0,0,0,all_blank
sessions.csv,all_rows,all,effective_evidence_package_hash,1,0,1,0,0,0,all_blank
sessions.csv,all_rows,all,engagement_review_category,1,0,1,0,0,0,all_blank
sessions.csv,all_rows,all,latest_student_safe_status,1,0,1,0,0,0,all_blank
sessions.csv,all_rows,all,evidence_sufficiency,1,0,1,0,0,0,all_blank
sessions.csv,all_rows,all,interpretation_limitations,1,1,0,0,0,100,populated
sessions.csv,all_rows,all,unsupported_correct_response_count,1,1,0,1,0,100,populated
sessions.csv,all_rows,all,estimated_guessing_risk_max,1,0,1,0,0,0,all_blank
item_responses.csv,all_rows,all,session_public_id,1,1,0,0,0,100,populated
item_responses.csv,all_rows,all,attempt_number,1,1,0,0,0,100,populated
item_responses.csv,all_rows,all,research_student_id,1,1,0,0,0,100,populated
item_responses.csv,all_rows,all,student_id,1,1,0,0,0,100,populated
item_responses.csv,all_rows,all,assessment_public_id,1,1,0,0,0,100,populated
item_responses.csv,all_rows,all,assessment_snapshot_public_id,1,1,0,0,0,100,populated
item_responses.csv,all_rows,all,item_public_id,1,1,0,0,0,100,populated
item_responses.csv,all_rows,all,item_snapshot_public_id,1,1,0,0,0,100,populated
item_responses.csv,all_rows,all,item_version,1,1,0,0,0,100,populated
item_responses.csv,all_rows,all,item_order,1,1,0,0,0,100,populated
item_responses.csv,all_rows,all,response_public_id,1,1,0,0,0,100,populated
item_responses.csv,all_rows,all,media_snapshot_public_ids,1,0,1,0,0,0,all_blank
item_responses.csv,all_rows,all,selected_option,1,1,0,0,0,100,populated
item_responses.csv,all_rows,all,reasoning_text,1,1,0,0,0,100,populated
item_responses.csv,all_rows,all,confidence_rating,1,1,0,0,0,100,populated
item_responses.csv,all_rows,all,no_tempting_option,1,1,0,0,1,100,populated
item_responses.csv,all_rows,all,tempting_option,1,1,0,0,0,100,populated
item_responses.csv,all_rows,all,tempting_option_reason,1,1,0,0,0,100,populated
item_responses.csv,all_rows,all,insufficient_knowledge_selected,1,1,0,0,1,100,populated
item_responses.csv,all_rows,all,skipped_item,1,1,0,0,1,100,populated
item_responses.csv,all_rows,all,skipped_reasoning,1,1,0,0,1,100,populated
item_responses.csv,all_rows,all,skipped_confidence,1,1,0,0,1,100,populated
item_responses.csv,all_rows,all,response_finalized,1,1,0,0,0,100,populated
item_responses.csv,all_rows,all,answer_explanation_revealed,1,1,0,0,1,100,populated
item_responses.csv,all_rows,all,revealed_at,1,0,1,0,0,0,all_blank
item_responses.csv,all_rows,all,reveal_trigger,1,0,1,0,0,0,all_blank
item_responses.csv,all_rows,all,explanation_version,1,0,1,0,0,0,all_blank
item_responses.csv,all_rows,all,student_display_acknowledged_at,1,0,1,0,0,0,all_blank
item_responses.csv,all_rows,all,submitted_at,1,1,0,0,0,100,populated
item_responses.csv,all_rows,all,revised_at,1,1,0,0,0,100,populated
item_responses.csv,all_rows,all,revision_count,1,1,0,0,0,100,populated
item_responses.csv,all_rows,all,item_presented_at,1,1,0,0,0,100,populated
item_responses.csv,all_rows,all,first_student_action_at,1,1,0,0,0,100,populated
item_responses.csv,all_rows,all,time_to_first_action_ms,1,1,0,0,0,100,populated
item_responses.csv,all_rows,all,time_to_first_response_action_ms,1,1,0,0,0,100,populated
item_responses.csv,all_rows,all,first_option_selected_at,1,1,0,0,0,100,populated
item_responses.csv,all_rows,all,time_to_first_option_selection_ms,1,1,0,0,0,100,populated
item_responses.csv,all_rows,all,post_option_completion_time_ms,1,1,0,0,0,100,populated
item_responses.csv,all_rows,all,reasoning_prompted_at,1,1,0,0,0,100,populated
item_responses.csv,all_rows,all,reasoning_started_at,1,1,0,0,0,100,populated
item_responses.csv,all_rows,all,reasoning_submitted_at,1,1,0,0,0,100,populated
item_responses.csv,all_rows,all,reasoning_prompt_to_submission_ms,1,1,0,0,0,100,populated
item_responses.csv,all_rows,all,reasoning_elapsed_time_ms,1,1,0,0,0,100,populated
item_responses.csv,all_rows,all,reasoning_active_time_ms,1,0,1,0,0,0,all_blank
item_responses.csv,all_rows,all,reasoning_active_typing_time_ms,1,0,1,0,0,0,all_blank
item_responses.csv,all_rows,all,reasoning_input_elapsed_time_ms,1,1,0,0,0,100,populated
item_responses.csv,all_rows,all,reasoning_start_latency_ms,1,1,0,0,0,100,populated
item_responses.csv,all_rows,all,confidence_prompted_at,1,1,0,0,0,100,populated
item_responses.csv,all_rows,all,confidence_selected_at,1,0,1,0,0,0,all_blank
item_responses.csv,all_rows,all,confidence_prompt_to_selection_ms,1,0,1,0,0,0,all_blank
item_responses.csv,all_rows,all,confidence_response_time_ms,1,0,1,0,0,0,all_blank
item_responses.csv,all_rows,all,tempting_option_prompted_at,1,1,0,0,0,100,populated
item_responses.csv,all_rows,all,tempting_option_submitted_at,1,1,0,0,0,100,populated
item_responses.csv,all_rows,all,tempting_option_response_time_ms,1,1,0,0,0,100,populated
item_responses.csv,all_rows,all,last_student_action_at,1,1,0,0,0,100,populated
item_responses.csv,all_rows,all,item_submitted_at,1,1,0,0,0,100,populated
item_responses.csv,all_rows,all,last_action_to_submission_ms,1,0,1,0,0,0,all_blank
item_responses.csv,all_rows,all,item_elapsed_response_time_ms,1,1,0,0,0,100,populated
item_responses.csv,all_rows,all,item_response_time_ms,1,1,0,0,0,100,populated
item_responses.csv,all_rows,all,timing_contract_version,1,1,0,0,0,100,populated
item_responses.csv,all_rows,all,timing_source_version,1,1,0,0,0,100,populated
item_responses.csv,all_rows,all,timing_quality_status,1,1,0,0,0,100,populated
item_responses.csv,all_rows,all,timing_limitations,1,1,0,0,0,100,populated
item_responses.csv,all_rows,all,derived_at,1,1,0,0,0,100,populated
item_responses.csv,all_rows,all,instrumentation_complete,1,1,0,0,1,100,populated
item_responses.csv,all_rows,all,option_selection_count,1,1,0,0,0,100,populated
item_responses.csv,all_rows,all,option_revision_count,1,1,0,1,0,100,populated
item_responses.csv,all_rows,all,reasoning_submission_count,1,1,0,0,0,100,populated
item_responses.csv,all_rows,all,reasoning_revision_count,1,1,0,0,0,100,populated
item_responses.csv,all_rows,all,confidence_selection_count,1,1,0,0,0,100,populated
item_responses.csv,all_rows,all,confidence_revision_count,1,1,0,1,0,100,populated
item_responses.csv,all_rows,all,navigation_event_count,1,1,0,1,0,100,populated
item_responses.csv,all_rows,all,page_hidden_count,1,1,0,1,0,100,populated
item_responses.csv,all_rows,all,typing_activity_event_count,1,1,0,1,0,100,populated
item_responses.csv,all_rows,all,response_quality_check_count,1,1,0,0,0,100,populated
item_responses.csv,all_rows,all,response_quality_rejection_count,1,1,0,0,0,100,populated
item_responses.csv,all_rows,all,insufficient_knowledge_count,1,1,0,1,0,100,populated
item_responses.csv,all_rows,all,procedural_clarification_count,1,1,0,1,0,100,populated
item_responses.csv,all_rows,all,content_question_count,1,1,0,1,0,100,populated
item_responses.csv,all_rows,all,invalid_help_request_count,1,1,0,1,0,100,populated
item_responses.csv,all_rows,all,reasoning_quality_signal,1,0,1,0,0,0,all_blank
item_responses.csv,all_rows,all,observed_evidence_summary,1,0,1,0,0,0,all_blank
item_responses.csv,all_rows,all,misconception_hypothesis,1,0,1,0,0,0,all_blank
item_responses.csv,all_rows,all,alternative_explanations,1,0,1,0,0,0,all_blank
item_responses.csv,all_rows,all,evidence_sufficiency,1,0,1,0,0,0,all_blank
item_responses.csv,all_rows,all,interpretation_limitations,1,1,0,0,0,100,populated
item_responses.csv,all_rows,all,teacher_diagnostic_guidance_available,1,1,0,0,1,100,populated
item_responses.csv,all_rows,all,teacher_guidance_considered,1,1,0,0,1,100,populated
item_responses.csv,all_rows,all,diagnostic_snapshot_before,1,0,1,0,0,0,all_blank
item_responses.csv,all_rows,all,diagnostic_snapshot_after,1,0,1,0,0,0,all_blank
process_events.csv,all_rows,all,event_public_id,84,84,0,0,0,100,populated
process_events.csv,all_rows,all,session_public_id,84,84,0,0,0,100,populated
process_events.csv,all_rows,all,research_student_id,84,84,0,0,0,100,populated
process_events.csv,all_rows,all,student_id,84,84,0,0,0,100,populated
process_events.csv,all_rows,all,assessment_public_id,84,84,0,0,0,100,populated
process_events.csv,all_rows,all,assessment_snapshot_public_id,84,84,0,0,0,100,populated
process_events.csv,all_rows,all,item_public_id,84,79,5,0,0,94.05,partly_populated
process_events.csv,all_rows,all,item_snapshot_public_id,84,69,15,0,0,82.14,partly_populated
process_events.csv,all_rows,all,event_sequence_index,84,84,0,0,0,100,populated
process_events.csv,all_rows,all,event_type,84,84,0,0,0,100,populated
process_events.csv,all_rows,all,event_category,84,84,0,0,0,100,populated
process_events.csv,all_rows,all,event_source,84,84,0,0,0,100,populated
process_events.csv,all_rows,all,phase,84,7,77,0,0,8.33,partly_populated
process_events.csv,all_rows,all,occurred_at,84,84,0,0,0,100,populated
process_events.csv,all_rows,all,created_at,84,84,0,0,0,100,populated
process_events.csv,all_rows,all,client_occurred_at,84,51,33,0,0,60.71,partly_populated
process_events.csv,all_rows,all,server_received_at,84,51,33,0,0,60.71,partly_populated
process_events.csv,all_rows,all,persisted_at,84,84,0,0,0,100,populated
process_events.csv,all_rows,all,clock_source,84,84,0,0,0,100,populated
process_events.csv,all_rows,all,timing_contract_version,84,84,0,0,0,100,populated
process_events.csv,all_rows,all,timing_source_version,84,84,0,0,0,100,populated
process_events.csv,all_rows,all,timing_quality_status,84,51,33,0,0,60.71,partly_populated
process_events.csv,all_rows,all,item_position,84,79,5,0,0,94.05,partly_populated
process_events.csv,all_rows,all,actual_total_item_count,84,84,0,0,0,100,populated
process_events.csv,all_rows,all,payload_source,84,16,68,0,0,19.05,partly_populated
process_events.csv,all_rows,all,payload_action_status,84,7,77,0,0,8.33,partly_populated
process_events.csv,all_rows,all,payload_prompt_type,84,5,79,0,0,5.95,partly_populated
process_events.csv,all_rows,all,payload_text_length,84,7,77,0,0,8.33,partly_populated
process_events.csv,all_rows,all,payload_selected_option,84,9,75,0,0,10.71,partly_populated
process_events.csv,all_rows,all,payload_confidence_rating,84,2,82,0,0,2.38,partly_populated
process_events.csv,all_rows,all,payload_no_tempting_option,84,4,80,0,4,4.76,partly_populated
process_events.csv,all_rows,all,client_event_id,84,51,33,0,0,60.71,partly_populated
process_events.csv,all_rows,all,browser_tab_id,84,51,33,0,0,60.71,partly_populated
process_events.csv,all_rows,all,payload_key_count,84,0,84,0,0,0,all_blank
process_events.csv,all_rows,all,payload_backspace_count,84,0,84,0,0,0,all_blank
process_events.csv,all_rows,all,payload_enter_key_count,84,0,84,0,0,0,all_blank
process_events.csv,all_rows,all,payload_pasted_text_length_band,84,0,84,0,0,0,all_blank
process_events.csv,all_rows,all,payload_target_kind,84,0,84,0,0,0,all_blank
process_events.csv,all_rows,all,payload_clipboard_type_count,84,0,84,0,0,0,all_blank
process_events.csv,all_rows,all,payload_includes_plain_text,84,0,84,0,0,0,all_blank
process_events.csv,all_rows,all,payload_delivery_gap_count,84,0,84,0,0,0,all_blank
process_events.csv,all_rows,all,duration_ms,84,1,83,0,0,1.19,partly_populated
process_events.csv,all_rows,all,visibility_duration_ms,84,1,83,0,0,1.19,partly_populated
process_events.csv,all_rows,all,visibility_interval_start_at,84,3,81,0,0,3.57,partly_populated
process_events.csv,all_rows,all,visibility_interval_end_at,84,0,84,0,0,0,all_blank
process_events.csv,all_rows,all,visibility_interval_duration_ms,84,0,84,0,0,0,all_blank
process_events.csv,all_rows,all,visibility_interval_quality_status,84,3,81,0,0,3.57,partly_populated
process_events.csv,all_rows,all,pause_duration_ms,84,0,84,0,0,0,all_blank
process_events.csv,all_rows,all,limitation_code,84,84,0,0,0,100,populated
conversation_turns.csv,all_rows,all,session_public_id,13,13,0,0,0,100,populated
conversation_turns.csv,all_rows,all,research_student_id,13,13,0,0,0,100,populated
conversation_turns.csv,all_rows,all,student_id,13,13,0,0,0,100,populated
conversation_turns.csv,all_rows,all,assessment_public_id,13,13,0,0,0,100,populated
conversation_turns.csv,all_rows,all,assessment_snapshot_public_id,13,13,0,0,0,100,populated
conversation_turns.csv,all_rows,all,item_public_id,13,13,0,0,0,100,populated
conversation_turns.csv,all_rows,all,turn_index,13,13,0,0,0,100,populated
conversation_turns.csv,all_rows,all,actor_type,13,13,0,0,0,100,populated
conversation_turns.csv,all_rows,all,actor_name,13,13,0,0,0,100,populated
conversation_turns.csv,all_rows,all,phase,13,13,0,0,0,100,populated
conversation_turns.csv,all_rows,all,context_label,13,13,0,0,0,100,populated
conversation_turns.csv,all_rows,all,created_at,13,13,0,0,0,100,populated
conversation_turns.csv,all_rows,all,message_text,13,11,2,0,0,84.62,partly_populated
conversation_turns.csv,all_rows,all,response_or_action_latency_ms,13,5,8,0,0,38.46,partly_populated
conversation_turns.csv,all_rows,all,prompt_to_student_action_latency_ms,13,5,8,0,0,38.46,partly_populated
conversation_turns.csv,all_rows,all,latency_recorded_on_turn,13,13,0,0,0,100,populated
conversation_turns.csv,all_rows,all,response_text_present,13,13,0,0,2,100,populated
conversation_turns.csv,all_rows,all,turn_status,13,13,0,0,0,100,populated
conversation_turns.csv,all_rows,all,limitation_code,13,13,0,0,0,100,populated
conversation_turns.csv,actor_type,student,session_public_id,7,7,0,0,0,100,populated
conversation_turns.csv,actor_type,student,research_student_id,7,7,0,0,0,100,populated
conversation_turns.csv,actor_type,student,student_id,7,7,0,0,0,100,populated
conversation_turns.csv,actor_type,student,assessment_public_id,7,7,0,0,0,100,populated
conversation_turns.csv,actor_type,student,assessment_snapshot_public_id,7,7,0,0,0,100,populated
conversation_turns.csv,actor_type,student,item_public_id,7,7,0,0,0,100,populated
conversation_turns.csv,actor_type,student,turn_index,7,7,0,0,0,100,populated
conversation_turns.csv,actor_type,student,actor_type,7,7,0,0,0,100,populated
conversation_turns.csv,actor_type,student,actor_name,7,7,0,0,0,100,populated
conversation_turns.csv,actor_type,student,phase,7,7,0,0,0,100,populated
conversation_turns.csv,actor_type,student,context_label,7,7,0,0,0,100,populated
conversation_turns.csv,actor_type,student,created_at,7,7,0,0,0,100,populated
conversation_turns.csv,actor_type,student,message_text,7,5,2,0,0,71.43,partly_populated
conversation_turns.csv,actor_type,student,response_or_action_latency_ms,7,0,7,0,0,0,all_blank
conversation_turns.csv,actor_type,student,prompt_to_student_action_latency_ms,7,0,7,0,0,0,all_blank
conversation_turns.csv,actor_type,student,latency_recorded_on_turn,7,7,0,0,0,100,populated
conversation_turns.csv,actor_type,student,response_text_present,7,7,0,0,2,100,populated
conversation_turns.csv,actor_type,student,turn_status,7,7,0,0,0,100,populated
conversation_turns.csv,actor_type,student,limitation_code,7,7,0,0,0,100,populated
conversation_turns.csv,actor_type,agent,session_public_id,6,6,0,0,0,100,populated
conversation_turns.csv,actor_type,agent,research_student_id,6,6,0,0,0,100,populated
conversation_turns.csv,actor_type,agent,student_id,6,6,0,0,0,100,populated
conversation_turns.csv,actor_type,agent,assessment_public_id,6,6,0,0,0,100,populated
conversation_turns.csv,actor_type,agent,assessment_snapshot_public_id,6,6,0,0,0,100,populated
conversation_turns.csv,actor_type,agent,item_public_id,6,6,0,0,0,100,populated
conversation_turns.csv,actor_type,agent,turn_index,6,6,0,0,0,100,populated
conversation_turns.csv,actor_type,agent,actor_type,6,6,0,0,0,100,populated
conversation_turns.csv,actor_type,agent,actor_name,6,6,0,0,0,100,populated
conversation_turns.csv,actor_type,agent,phase,6,6,0,0,0,100,populated
conversation_turns.csv,actor_type,agent,context_label,6,6,0,0,0,100,populated
conversation_turns.csv,actor_type,agent,created_at,6,6,0,0,0,100,populated
conversation_turns.csv,actor_type,agent,message_text,6,6,0,0,0,100,populated
conversation_turns.csv,actor_type,agent,response_or_action_latency_ms,6,5,1,0,0,83.33,partly_populated
conversation_turns.csv,actor_type,agent,prompt_to_student_action_latency_ms,6,5,1,0,0,83.33,partly_populated
conversation_turns.csv,actor_type,agent,latency_recorded_on_turn,6,6,0,0,0,100,populated
conversation_turns.csv,actor_type,agent,response_text_present,6,6,0,0,0,100,populated
conversation_turns.csv,actor_type,agent,turn_status,6,6,0,0,0,100,populated
conversation_turns.csv,actor_type,agent,limitation_code,6,6,0,0,0,100,populated
agent_activity_records.csv,all_rows,all,profile_projection_version,0,0,0,0,0,,no_rows
agent_activity_records.csv,all_rows,all,profile_record_id,0,0,0,0,0,,no_rows
agent_activity_records.csv,all_rows,all,profile_record_role,0,0,0,0,0,,no_rows
agent_activity_records.csv,all_rows,all,profile_validation_status,0,0,0,0,0,,no_rows
agent_activity_records.csv,all_rows,all,profile_valid_for_learning_analysis,0,0,0,0,0,,no_rows
agent_activity_records.csv,all_rows,all,profile_source_agent_call_public_id,0,0,0,0,0,,no_rows
agent_activity_records.csv,all_rows,all,profile_source_agent_name,0,0,0,0,0,,no_rows
agent_activity_records.csv,all_rows,all,profile_source_call_status,0,0,0,0,0,,no_rows
agent_activity_records.csv,all_rows,all,profile_source_output_validated,0,0,0,0,0,,no_rows
agent_activity_records.csv,all_rows,all,profile_source_prompt_version,0,0,0,0,0,,no_rows
agent_activity_records.csv,all_rows,all,profile_source_schema_version,0,0,0,0,0,,no_rows
agent_activity_records.csv,all_rows,all,profile_unavailable_reason,0,0,0,0,0,,no_rows
agent_activity_records.csv,all_rows,all,profile_dimensions_status,0,0,0,0,0,,no_rows
agent_activity_records.csv,all_rows,all,profile_native_confidence_alignment,0,0,0,0,0,,no_rows
agent_activity_records.csv,all_rows,all,profile_confidence_alignment_scope,0,0,0,0,0,,no_rows
agent_activity_records.csv,all_rows,all,misconception_indicator_count,0,0,0,0,0,,no_rows
agent_activity_records.csv,all_rows,all,misconception_claim_count,0,0,0,0,0,,no_rows
agent_activity_records.csv,all_rows,all,item_level_evidence_count,0,0,0,0,0,,no_rows
agent_activity_records.csv,all_rows,all,item_level_evidence_available,0,0,0,0,0,,no_rows
agent_activity_records.csv,all_rows,all,item_level_evidence_format,0,0,0,0,0,,no_rows
agent_activity_records.csv,all_rows,all,reasoning_quality_category,0,0,0,0,0,,no_rows
agent_activity_records.csv,all_rows,all,confidence_calibration_category,0,0,0,0,0,,no_rows
agent_activity_records.csv,all_rows,all,evidence_profile_schema_version,0,0,0,0,0,,no_rows
agent_activity_records.csv,all_rows,all,record_type,0,0,0,0,0,,no_rows
agent_activity_records.csv,all_rows,all,authority_status,0,0,0,0,0,,no_rows
agent_activity_records.csv,all_rows,all,session_public_id,0,0,0,0,0,,no_rows
agent_activity_records.csv,all_rows,all,research_student_id,0,0,0,0,0,,no_rows
agent_activity_records.csv,all_rows,all,student_id,0,0,0,0,0,,no_rows
agent_activity_records.csv,all_rows,all,assessment_public_id,0,0,0,0,0,,no_rows
agent_activity_records.csv,all_rows,all,assessment_snapshot_public_id,0,0,0,0,0,,no_rows
agent_activity_records.csv,all_rows,all,item_snapshot_public_id,0,0,0,0,0,,no_rows
agent_activity_records.csv,all_rows,all,agent_call_public_id,0,0,0,0,0,,no_rows
agent_activity_records.csv,all_rows,all,agent_name,0,0,0,0,0,,no_rows
agent_activity_records.csv,all_rows,all,provider,0,0,0,0,0,,no_rows
agent_activity_records.csv,all_rows,all,model,0,0,0,0,0,,no_rows
agent_activity_records.csv,all_rows,all,status,0,0,0,0,0,,no_rows
agent_activity_records.csv,all_rows,all,blocked_reason,0,0,0,0,0,,no_rows
agent_activity_records.csv,all_rows,all,started_at,0,0,0,0,0,,no_rows
agent_activity_records.csv,all_rows,all,completed_at,0,0,0,0,0,,no_rows
agent_activity_records.csv,all_rows,all,retry_count,0,0,0,0,0,,no_rows
agent_activity_records.csv,all_rows,all,input_token_count,0,0,0,0,0,,no_rows
agent_activity_records.csv,all_rows,all,output_token_count,0,0,0,0,0,,no_rows
agent_activity_records.csv,all_rows,all,total_token_count,0,0,0,0,0,,no_rows
agent_activity_records.csv,all_rows,all,prompt_version,0,0,0,0,0,,no_rows
agent_activity_records.csv,all_rows,all,schema_version,0,0,0,0,0,,no_rows
agent_activity_records.csv,all_rows,all,output_validated,0,0,0,0,0,,no_rows
agent_activity_records.csv,all_rows,all,repair_attempted,0,0,0,0,0,,no_rows
agent_activity_records.csv,all_rows,all,repair_status,0,0,0,0,0,,no_rows
agent_activity_records.csv,all_rows,all,context_schema_version,0,0,0,0,0,,no_rows
agent_activity_records.csv,all_rows,all,assessment_context_hash,0,0,0,0,0,,no_rows
agent_activity_records.csv,all_rows,all,teacher_diagnostic_context_present,0,0,0,0,0,,no_rows
agent_activity_records.csv,all_rows,all,interpretation_caution_present,0,0,0,0,0,,no_rows
agent_activity_records.csv,all_rows,all,student_evidence_present,0,0,0,0,0,,no_rows
agent_activity_records.csv,all_rows,all,context_version_bound,0,0,0,0,0,,no_rows
agent_activity_records.csv,all_rows,all,answer_key_internal_only,0,0,0,0,0,,no_rows
agent_activity_records.csv,all_rows,all,protected_content_exposed,0,0,0,0,0,,no_rows
agent_activity_records.csv,all_rows,all,understanding_category,0,0,0,0,0,,no_rows
agent_activity_records.csv,all_rows,all,engagement_category,0,0,0,0,0,,no_rows
agent_activity_records.csv,all_rows,all,response_profile,0,0,0,0,0,,no_rows
agent_activity_records.csv,all_rows,all,diagnostic_purpose,0,0,0,0,0,,no_rows
agent_activity_records.csv,all_rows,all,formative_value,0,0,0,0,0,,no_rows
agent_activity_records.csv,all_rows,all,selected_strategy,0,0,0,0,0,,no_rows
agent_activity_records.csv,all_rows,all,evidence_sufficiency,0,0,0,0,0,,no_rows
agent_activity_records.csv,all_rows,all,uncertainty,0,0,0,0,0,,no_rows
agent_activity_records.csv,all_rows,all,limitations,0,0,0,0,0,,no_rows
agent_activity_records.csv,all_rows,all,activity_public_id,0,0,0,0,0,,no_rows
agent_activity_records.csv,all_rows,all,activity_type,0,0,0,0,0,,no_rows
agent_activity_records.csv,all_rows,all,activity_target,0,0,0,0,0,,no_rows
agent_activity_records.csv,all_rows,all,activity_source_item_id,0,0,0,0,0,,no_rows
agent_activity_records.csv,all_rows,all,activity_source_option_label,0,0,0,0,0,,no_rows
agent_activity_records.csv,all_rows,all,expected_response_mode,0,0,0,0,0,,no_rows
agent_activity_records.csv,all_rows,all,activity_deduplication_key,0,0,0,0,0,,no_rows
agent_activity_records.csv,all_rows,all,activity_deduplication_version,0,0,0,0,0,,no_rows
agent_activity_records.csv,all_rows,all,activity_switch_count,0,0,0,0,0,,no_rows
agent_activity_records.csv,all_rows,all,activity_switch_history_reference,0,0,0,0,0,,no_rows
agent_activity_records.csv,all_rows,all,activity_switch_reason,0,0,0,0,0,,no_rows
agent_activity_records.csv,all_rows,all,activity_prompt,0,0,0,0,0,,no_rows
agent_activity_records.csv,all_rows,all,attempt_number,0,0,0,0,0,,no_rows
agent_activity_records.csv,all_rows,all,student_response,0,0,0,0,0,,no_rows
agent_activity_records.csv,all_rows,all,evaluation_status,0,0,0,0,0,,no_rows
agent_activity_records.csv,all_rows,all,misconception_persisted,0,0,0,0,0,,no_rows
agent_activity_records.csv,all_rows,all,misconception_weakened,0,0,0,0,0,,no_rows
agent_activity_records.csv,all_rows,all,misconception_changed,0,0,0,0,0,,no_rows
agent_activity_records.csv,all_rows,all,misconception_resolved,0,0,0,0,0,,no_rows
agent_activity_records.csv,all_rows,all,evidence_insufficient,0,0,0,0,0,,no_rows
agent_activity_records.csv,all_rows,all,next_action,0,0,0,0,0,,no_rows
profile_item_evidence.csv,all_rows,all,session_public_id,0,0,0,0,0,,no_rows
profile_item_evidence.csv,all_rows,all,concept_unit_public_id,0,0,0,0,0,,no_rows
profile_item_evidence.csv,all_rows,all,profile_projection_version,0,0,0,0,0,,no_rows
profile_item_evidence.csv,all_rows,all,profile_record_id,0,0,0,0,0,,no_rows
profile_item_evidence.csv,all_rows,all,profile_record_role,0,0,0,0,0,,no_rows
profile_item_evidence.csv,all_rows,all,profile_validation_status,0,0,0,0,0,,no_rows
profile_item_evidence.csv,all_rows,all,profile_valid_for_learning_analysis,0,0,0,0,0,,no_rows
profile_item_evidence.csv,all_rows,all,profile_source_agent_call_public_id,0,0,0,0,0,,no_rows
profile_item_evidence.csv,all_rows,all,profile_source_agent_name,0,0,0,0,0,,no_rows
profile_item_evidence.csv,all_rows,all,profile_source_call_status,0,0,0,0,0,,no_rows
profile_item_evidence.csv,all_rows,all,profile_source_output_validated,0,0,0,0,0,,no_rows
profile_item_evidence.csv,all_rows,all,profile_source_prompt_version,0,0,0,0,0,,no_rows
profile_item_evidence.csv,all_rows,all,profile_source_schema_version,0,0,0,0,0,,no_rows
profile_item_evidence.csv,all_rows,all,profile_unavailable_reason,0,0,0,0,0,,no_rows
profile_item_evidence.csv,all_rows,all,profile_dimensions_status,0,0,0,0,0,,no_rows
profile_item_evidence.csv,all_rows,all,profile_native_confidence_alignment,0,0,0,0,0,,no_rows
profile_item_evidence.csv,all_rows,all,profile_confidence_alignment_scope,0,0,0,0,0,,no_rows
profile_item_evidence.csv,all_rows,all,item_public_id,0,0,0,0,0,,no_rows
profile_item_evidence.csv,all_rows,all,reasoning_quality,0,0,0,0,0,,no_rows
profile_item_evidence.csv,all_rows,all,confidence_rating,0,0,0,0,0,,no_rows
profile_item_evidence.csv,all_rows,all,created_at,0,0,0,0,0,,no_rows
formative_conversation_sessions.csv,all_rows,all,profile_projection_version,0,0,0,0,0,,no_rows
formative_conversation_sessions.csv,all_rows,all,profile_record_id,0,0,0,0,0,,no_rows
formative_conversation_sessions.csv,all_rows,all,profile_record_role,0,0,0,0,0,,no_rows
formative_conversation_sessions.csv,all_rows,all,profile_validation_status,0,0,0,0,0,,no_rows
formative_conversation_sessions.csv,all_rows,all,profile_valid_for_learning_analysis,0,0,0,0,0,,no_rows
formative_conversation_sessions.csv,all_rows,all,profile_source_agent_call_public_id,0,0,0,0,0,,no_rows
formative_conversation_sessions.csv,all_rows,all,profile_source_agent_name,0,0,0,0,0,,no_rows
formative_conversation_sessions.csv,all_rows,all,profile_source_call_status,0,0,0,0,0,,no_rows
formative_conversation_sessions.csv,all_rows,all,profile_source_output_validated,0,0,0,0,0,,no_rows
formative_conversation_sessions.csv,all_rows,all,profile_source_prompt_version,0,0,0,0,0,,no_rows
formative_conversation_sessions.csv,all_rows,all,profile_source_schema_version,0,0,0,0,0,,no_rows
formative_conversation_sessions.csv,all_rows,all,profile_unavailable_reason,0,0,0,0,0,,no_rows
formative_conversation_sessions.csv,all_rows,all,profile_dimensions_status,0,0,0,0,0,,no_rows
formative_conversation_sessions.csv,all_rows,all,profile_native_confidence_alignment,0,0,0,0,0,,no_rows
formative_conversation_sessions.csv,all_rows,all,profile_confidence_alignment_scope,0,0,0,0,0,,no_rows
formative_conversation_sessions.csv,all_rows,all,profile_reassessment_status,0,0,0,0,0,,no_rows
formative_conversation_sessions.csv,all_rows,all,initial_profile_record_id,0,0,0,0,0,,no_rows
formative_conversation_sessions.csv,all_rows,all,current_profile_record_id,0,0,0,0,0,,no_rows
formative_conversation_sessions.csv,all_rows,all,session_public_id,0,0,0,0,0,,no_rows
formative_conversation_sessions.csv,all_rows,all,research_student_id,0,0,0,0,0,,no_rows
formative_conversation_sessions.csv,all_rows,all,assessment_public_id,0,0,0,0,0,,no_rows
formative_conversation_sessions.csv,all_rows,all,concept_unit_public_id,0,0,0,0,0,,no_rows
formative_conversation_sessions.csv,all_rows,all,conversation_public_id,0,0,0,0,0,,no_rows
formative_conversation_sessions.csv,all_rows,all,conversation_status,0,0,0,0,0,,no_rows
formative_conversation_sessions.csv,all_rows,all,started_at,0,0,0,0,0,,no_rows
formative_conversation_sessions.csv,all_rows,all,last_activity_at,0,0,0,0,0,,no_rows
formative_conversation_sessions.csv,all_rows,all,paused_at,0,0,0,0,0,,no_rows
formative_conversation_sessions.csv,all_rows,all,completed_at,0,0,0,0,0,,no_rows
formative_conversation_sessions.csv,all_rows,all,ended_at,0,0,0,0,0,,no_rows
formative_conversation_sessions.csv,all_rows,all,wall_clock_duration_ms,0,0,0,0,0,,no_rows
formative_conversation_sessions.csv,all_rows,all,turn_count,0,0,0,0,0,,no_rows
formative_conversation_sessions.csv,all_rows,all,student_formative_turn_count,0,0,0,0,0,,no_rows
formative_conversation_sessions.csv,all_rows,all,current_student_turn_index,0,0,0,0,0,,no_rows
formative_conversation_sessions.csv,all_rows,all,max_student_turns,0,0,0,0,0,,no_rows
formative_conversation_sessions.csv,all_rows,all,final_allowed_turn,0,0,0,0,0,,no_rows
formative_conversation_sessions.csv,all_rows,all,another_student_turn_available,0,0,0,0,0,,no_rows
formative_conversation_sessions.csv,all_rows,all,lifecycle_termination_source,0,0,0,0,0,,no_rows
formative_conversation_sessions.csv,all_rows,all,lifecycle_termination_reason,0,0,0,0,0,,no_rows
formative_conversation_sessions.csv,all_rows,all,semantic_teacher_assistance_recommended,0,0,0,0,0,,no_rows
formative_conversation_sessions.csv,all_rows,all,platform_lifecycle_handoff,0,0,0,0,0,,no_rows
formative_conversation_sessions.csv,all_rows,all,lifecycle_event_count,0,0,0,0,0,,no_rows
formative_conversation_sessions.csv,all_rows,all,agent_call_count,0,0,0,0,0,,no_rows
formative_conversation_sessions.csv,all_rows,all,intervention_count,0,0,0,0,0,,no_rows
formative_conversation_sessions.csv,all_rows,all,profile_transition_count,0,0,0,0,0,,no_rows
formative_conversation_sessions.csv,all_rows,all,latest_profile_transition_public_id,0,0,0,0,0,,no_rows
formative_conversation_sessions.csv,all_rows,all,validated_formative_outcome,0,0,0,0,0,,no_rows
formative_conversation_sessions.csv,all_rows,all,initial_learning_profile,0,0,0,0,0,,no_rows
formative_conversation_sessions.csv,all_rows,all,initial_profile_evidence_sufficiency,0,0,0,0,0,,no_rows
formative_conversation_sessions.csv,all_rows,all,current_learning_profile,0,0,0,0,0,,no_rows
formative_conversation_sessions.csv,all_rows,all,current_profile_evidence_sufficiency,0,0,0,0,0,,no_rows
formative_conversation_turns.csv,all_rows,all,session_public_id,0,0,0,0,0,,no_rows
formative_conversation_turns.csv,all_rows,all,research_student_id,0,0,0,0,0,,no_rows
formative_conversation_turns.csv,all_rows,all,conversation_public_id,0,0,0,0,0,,no_rows
formative_conversation_turns.csv,all_rows,all,response_receipt_public_id,0,0,0,0,0,,no_rows
formative_conversation_turns.csv,all_rows,all,agent_call_public_id,0,0,0,0,0,,no_rows
formative_conversation_turns.csv,all_rows,all,turn_sequence_index,0,0,0,0,0,,no_rows
formative_conversation_turns.csv,all_rows,all,conversation_local_turn_sequence_index,0,0,0,0,0,,no_rows
formative_conversation_turns.csv,all_rows,all,actor_type,0,0,0,0,0,,no_rows
formative_conversation_turns.csv,all_rows,all,actor_name,0,0,0,0,0,,no_rows
formative_conversation_turns.csv,all_rows,all,message_text,0,0,0,0,0,,no_rows
formative_conversation_turns.csv,all_rows,all,generation_source,0,0,0,0,0,,no_rows
formative_conversation_turns.csv,all_rows,all,validator_status,0,0,0,0,0,,no_rows
formative_conversation_turns.csv,all_rows,all,fallback_used,0,0,0,0,0,,no_rows
formative_conversation_turns.csv,all_rows,all,assistant_response_status,0,0,0,0,0,,no_rows
formative_conversation_turns.csv,all_rows,all,assistant_response_retry_count,0,0,0,0,0,,no_rows
formative_conversation_turns.csv,all_rows,all,assistant_response_failure_category,0,0,0,0,0,,no_rows
formative_conversation_turns.csv,all_rows,all,assistant_response_failed_at,0,0,0,0,0,,no_rows
formative_conversation_turns.csv,all_rows,all,created_at,0,0,0,0,0,,no_rows
formative_conversation_turns.csv,all_rows,all,turn_started_at,0,0,0,0,0,,no_rows
formative_conversation_turns.csv,all_rows,all,turn_submitted_at,0,0,0,0,0,,no_rows
formative_conversation_turns.csv,all_rows,all,response_time_ms,0,0,0,0,0,,no_rows
formative_conversation_turns.csv,all_rows,all,message_length_chars,0,0,0,0,0,,no_rows
formative_conversation_turns.csv,all_rows,all,input_token_count,0,0,0,0,0,,no_rows
formative_conversation_turns.csv,all_rows,all,output_token_count,0,0,0,0,0,,no_rows
formative_conversation_turns.csv,all_rows,all,typing_started_at,0,0,0,0,0,,no_rows
formative_conversation_turns.csv,all_rows,all,typing_ended_at,0,0,0,0,0,,no_rows
formative_conversation_turns.csv,all_rows,all,typing_duration_ms,0,0,0,0,0,,no_rows
formative_conversation_turns.csv,all_rows,all,typing_duration_method,0,0,0,0,0,,no_rows
formative_conversation_turns.csv,all_rows,all,edit_count,0,0,0,0,0,,no_rows
formative_conversation_turns.csv,all_rows,all,backspace_count,0,0,0,0,0,,no_rows
formative_conversation_turns.csv,all_rows,all,paste_event_count,0,0,0,0,0,,no_rows
formative_conversation_turns.csv,all_rows,all,paste_character_count,0,0,0,0,0,,no_rows
formative_conversation_turns.csv,all_rows,all,final_message_length_chars,0,0,0,0,0,,no_rows
formative_conversation_events.csv,all_rows,all,event_public_id,0,0,0,0,0,,no_rows
formative_conversation_events.csv,all_rows,all,session_public_id,0,0,0,0,0,,no_rows
formative_conversation_events.csv,all_rows,all,research_student_id,0,0,0,0,0,,no_rows
formative_conversation_events.csv,all_rows,all,conversation_public_id,0,0,0,0,0,,no_rows
formative_conversation_events.csv,all_rows,all,event_sequence_index,0,0,0,0,0,,no_rows
formative_conversation_events.csv,all_rows,all,conversation_local_event_sequence_index,0,0,0,0,0,,no_rows
formative_conversation_events.csv,all_rows,all,event_type,0,0,0,0,0,,no_rows
formative_conversation_events.csv,all_rows,all,event_source,0,0,0,0,0,,no_rows
formative_conversation_events.csv,all_rows,all,agent_call_public_id,0,0,0,0,0,,no_rows
formative_conversation_events.csv,all_rows,all,agent_name,0,0,0,0,0,,no_rows
formative_conversation_events.csv,all_rows,all,failure_category,0,0,0,0,0,,no_rows
formative_conversation_events.csv,all_rows,all,retry_count,0,0,0,0,0,,no_rows
formative_conversation_events.csv,all_rows,all,observed_interval_duration_ms,0,0,0,0,0,,no_rows
formative_conversation_events.csv,all_rows,all,occurred_at,0,0,0,0,0,,no_rows
formative_conversation_events.csv,all_rows,all,created_at,0,0,0,0,0,,no_rows
formative_conversation_llm_calls.csv,all_rows,all,session_public_id,0,0,0,0,0,,no_rows
formative_conversation_llm_calls.csv,all_rows,all,research_student_id,0,0,0,0,0,,no_rows
formative_conversation_llm_calls.csv,all_rows,all,conversation_public_id,0,0,0,0,0,,no_rows
formative_conversation_llm_calls.csv,all_rows,all,response_receipt_public_id,0,0,0,0,0,,no_rows
formative_conversation_llm_calls.csv,all_rows,all,agent_call_public_id,0,0,0,0,0,,no_rows
formative_conversation_llm_calls.csv,all_rows,all,agent_call_index,0,0,0,0,0,,no_rows
formative_conversation_llm_calls.csv,all_rows,all,agent_name,0,0,0,0,0,,no_rows
formative_conversation_llm_calls.csv,all_rows,all,agent_version,0,0,0,0,0,,no_rows
formative_conversation_llm_calls.csv,all_rows,all,provider,0,0,0,0,0,,no_rows
formative_conversation_llm_calls.csv,all_rows,all,model_name,0,0,0,0,0,,no_rows
formative_conversation_llm_calls.csv,all_rows,all,prompt_version,0,0,0,0,0,,no_rows
formative_conversation_llm_calls.csv,all_rows,all,schema_version,0,0,0,0,0,,no_rows
formative_conversation_llm_calls.csv,all_rows,all,context_version,0,0,0,0,0,,no_rows
formative_conversation_llm_calls.csv,all_rows,all,call_status,0,0,0,0,0,,no_rows
formative_conversation_llm_calls.csv,all_rows,all,output_validated,0,0,0,0,0,,no_rows
formative_conversation_llm_calls.csv,all_rows,all,retry_count,0,0,0,0,0,,no_rows
formative_conversation_llm_calls.csv,all_rows,all,latency_ms,0,0,0,0,0,,no_rows
formative_conversation_llm_calls.csv,all_rows,all,input_tokens,0,0,0,0,0,,no_rows
formative_conversation_llm_calls.csv,all_rows,all,output_tokens,0,0,0,0,0,,no_rows
formative_conversation_llm_calls.csv,all_rows,all,total_tokens,0,0,0,0,0,,no_rows
formative_conversation_llm_calls.csv,all_rows,all,started_at,0,0,0,0,0,,no_rows
formative_conversation_llm_calls.csv,all_rows,all,completed_at,0,0,0,0,0,,no_rows
formative_conversation_profile_transitions.csv,all_rows,all,transition_public_id,0,0,0,0,0,,no_rows
formative_conversation_profile_transitions.csv,all_rows,all,prior_profile_record_id,0,0,0,0,0,,no_rows
formative_conversation_profile_transitions.csv,all_rows,all,updated_profile_record_id,0,0,0,0,0,,no_rows
formative_conversation_profile_transitions.csv,all_rows,all,session_public_id,0,0,0,0,0,,no_rows
formative_conversation_profile_transitions.csv,all_rows,all,research_student_id,0,0,0,0,0,,no_rows
formative_conversation_profile_transitions.csv,all_rows,all,conversation_public_id,0,0,0,0,0,,no_rows
formative_conversation_profile_transitions.csv,all_rows,all,transition_version,0,0,0,0,0,,no_rows
formative_conversation_profile_transitions.csv,all_rows,all,formative_outcome,0,0,0,0,0,,no_rows
formative_conversation_profile_transitions.csv,all_rows,all,prior_understanding_category,0,0,0,0,0,,no_rows
formative_conversation_profile_transitions.csv,all_rows,all,prior_learning_profile,0,0,0,0,0,,no_rows
formative_conversation_profile_transitions.csv,all_rows,all,prior_evidence_sufficiency,0,0,0,0,0,,no_rows
formative_conversation_profile_transitions.csv,all_rows,all,prior_confidence_alignment,0,0,0,0,0,,no_rows
formative_conversation_profile_transitions.csv,all_rows,all,prior_confidence_alignment_scope,0,0,0,0,0,,no_rows
formative_conversation_profile_transitions.csv,all_rows,all,prior_misconception_indicators,0,0,0,0,0,,no_rows
formative_conversation_profile_transitions.csv,all_rows,all,prior_misconception_claim_catalog,0,0,0,0,0,,no_rows
formative_conversation_profile_transitions.csv,all_rows,all,prior_profile_created_at,0,0,0,0,0,,no_rows
formative_conversation_profile_transitions.csv,all_rows,all,updated_understanding_category,0,0,0,0,0,,no_rows
formative_conversation_profile_transitions.csv,all_rows,all,updated_learning_profile,0,0,0,0,0,,no_rows
formative_conversation_profile_transitions.csv,all_rows,all,updated_evidence_sufficiency,0,0,0,0,0,,no_rows
formative_conversation_profile_transitions.csv,all_rows,all,updated_confidence_alignment,0,0,0,0,0,,no_rows
formative_conversation_profile_transitions.csv,all_rows,all,updated_confidence_alignment_scope,0,0,0,0,0,,no_rows
formative_conversation_profile_transitions.csv,all_rows,all,updated_misconception_indicators,0,0,0,0,0,,no_rows
formative_conversation_profile_transitions.csv,all_rows,all,updated_misconception_claim_catalog,0,0,0,0,0,,no_rows
formative_conversation_profile_transitions.csv,all_rows,all,misconception_claim_dispositions,0,0,0,0,0,,no_rows
formative_conversation_profile_transitions.csv,all_rows,all,updated_profile_created_at,0,0,0,0,0,,no_rows
formative_conversation_profile_transitions.csv,all_rows,all,canonical_profile_snapshot,0,0,0,0,0,,no_rows
formative_conversation_profile_transitions.csv,all_rows,all,learning_observations,0,0,0,0,0,,no_rows
formative_conversation_profile_transitions.csv,all_rows,all,evidence_interpretation,0,0,0,0,0,,no_rows
formative_conversation_profile_transitions.csv,all_rows,all,source_turn_sequence_index,0,0,0,0,0,,no_rows
formative_conversation_profile_transitions.csv,all_rows,all,supporting_turn_sequence_indexes,0,0,0,0,0,,no_rows
formative_conversation_profile_transitions.csv,all_rows,all,supporting_turn_actors,0,0,0,0,0,,no_rows
formative_conversation_profile_transitions.csv,all_rows,all,supporting_turn_evidence_roles,0,0,0,0,0,,no_rows
formative_conversation_profile_transitions.csv,all_rows,all,evidence_reference_public_ids,0,0,0,0,0,,no_rows
formative_conversation_profile_transitions.csv,all_rows,all,assessment_profile_created_at,0,0,0,0,0,,no_rows
formative_conversation_profile_transitions.csv,all_rows,all,source_agent_name,0,0,0,0,0,,no_rows
formative_conversation_profile_transitions.csv,all_rows,all,source_agent_call_public_id,0,0,0,0,0,,no_rows
formative_conversation_profile_transitions.csv,all_rows,all,transitioned_at,0,0,0,0,0,,no_rows
formative_conversation_interventions.csv,all_rows,all,intervention_public_id,0,0,0,0,0,,no_rows
formative_conversation_interventions.csv,all_rows,all,session_public_id,0,0,0,0,0,,no_rows
formative_conversation_interventions.csv,all_rows,all,research_student_id,0,0,0,0,0,,no_rows
formative_conversation_interventions.csv,all_rows,all,conversation_public_id,0,0,0,0,0,,no_rows
formative_conversation_interventions.csv,all_rows,all,strategy_type,0,0,0,0,0,,no_rows
formative_conversation_interventions.csv,all_rows,all,targeted_evidence_gap,0,0,0,0,0,,no_rows
formative_conversation_interventions.csv,all_rows,all,status,0,0,0,0,0,,no_rows
formative_conversation_interventions.csv,all_rows,all,started_at,0,0,0,0,0,,no_rows
formative_conversation_interventions.csv,all_rows,all,completed_at,0,0,0,0,0,,no_rows
assessment_content.csv,all_rows,all,assessment_public_id,1,1,0,0,0,100,populated
assessment_content.csv,all_rows,all,assessment_snapshot_public_id,1,1,0,0,0,100,populated
assessment_content.csv,all_rows,all,assessment_title,1,1,0,0,0,100,populated
assessment_content.csv,all_rows,all,assessment_diagnostic_focus,1,0,1,0,0,0,all_blank
assessment_content.csv,all_rows,all,folder_week_module,1,1,0,0,0,100,populated
assessment_content.csv,all_rows,all,item_public_id,1,1,0,0,0,100,populated
assessment_content.csv,all_rows,all,item_snapshot_public_id,1,1,0,0,0,100,populated
assessment_content.csv,all_rows,all,item_version,1,1,0,0,0,100,populated
assessment_content.csv,all_rows,all,item_order,1,1,0,0,0,100,populated
assessment_content.csv,all_rows,all,stem,1,1,0,0,0,100,populated
assessment_content.csv,all_rows,all,option_a_text,1,1,0,0,0,100,populated
assessment_content.csv,all_rows,all,option_b_text,1,1,0,0,0,100,populated
assessment_content.csv,all_rows,all,option_c_text,1,1,0,0,0,100,populated
assessment_content.csv,all_rows,all,option_d_text,1,0,1,0,0,0,all_blank
assessment_content.csv,all_rows,all,option_e_text,1,0,1,0,0,0,all_blank
assessment_content.csv,all_rows,all,option_f_text,1,0,1,0,0,0,all_blank
assessment_content.csv,all_rows,all,media_public_ids,1,0,1,0,0,0,all_blank
assessment_content.csv,all_rows,all,student_alt_text,1,0,1,0,0,0,all_blank
assessment_content.csv,all_rows,all,snapshot_created_at,1,1,0,0,0,100,populated
assessment_summary.csv,all_rows,all,research_student_id,1,1,0,0,0,100,populated
assessment_summary.csv,all_rows,all,student_id,1,1,0,0,0,100,populated
assessment_summary.csv,all_rows,all,student_public_id,1,1,0,0,0,100,populated
assessment_summary.csv,all_rows,all,research_pseudonym_version,1,1,0,0,0,100,populated
assessment_summary.csv,all_rows,all,pseudonymization_method,1,1,0,0,0,100,populated
assessment_summary.csv,all_rows,all,pseudonymization_version,1,1,0,0,0,100,populated
assessment_summary.csv,all_rows,all,pseudonymization_key_fingerprint,1,1,0,0,0,100,populated
assessment_summary.csv,all_rows,all,assessment_public_id,1,1,0,0,0,100,populated
assessment_summary.csv,all_rows,all,assessment_title,1,1,0,0,0,100,populated
assessment_summary.csv,all_rows,all,session_public_id,1,1,0,0,0,100,populated
assessment_summary.csv,all_rows,all,attempt_number,1,1,0,0,0,100,populated
assessment_summary.csv,all_rows,all,session_status,1,1,0,0,0,100,populated
assessment_summary.csv,all_rows,all,completion_status,1,1,0,0,0,100,populated
assessment_summary.csv,all_rows,all,started_at,1,1,0,0,0,100,populated
assessment_summary.csv,all_rows,all,completed_at,1,0,1,0,0,0,all_blank
assessment_summary.csv,all_rows,all,item_response_count,1,1,0,0,0,100,populated
assessment_summary.csv,all_rows,all,completed_initial_item_count,1,1,0,0,0,100,populated
assessment_summary.csv,all_rows,all,process_event_count,1,1,0,0,0,100,populated
assessment_summary.csv,all_rows,all,conversation_turn_count,1,1,0,0,0,100,populated
assessment_summary.csv,all_rows,all,agent_call_count,1,1,0,1,0,100,populated
assessment_summary.csv,all_rows,all,formative_activity_attempt_count,1,1,0,1,0,100,populated
assessment_summary.csv,all_rows,all,latest_student_safe_status,1,0,1,0,0,0,all_blank
assessment_summary.csv,all_rows,all,assessment_specific_understanding_category,1,0,1,0,0,0,all_blank
assessment_summary.csv,all_rows,all,reasoning_quality_category,1,0,1,0,0,0,all_blank
assessment_summary.csv,all_rows,all,confidence_calibration_category,1,0,1,0,0,0,all_blank
assessment_summary.csv,all_rows,all,growth_target,1,0,1,0,0,0,all_blank
assessment_summary.csv,all_rows,all,next_interaction_type,1,0,1,0,0,0,all_blank
assessment_summary.csv,all_rows,all,activity_type,1,0,1,0,0,0,all_blank
assessment_summary.csv,all_rows,all,engagement_review_category,1,0,1,0,0,0,all_blank
assessment_summary.csv,all_rows,all,evidence_sufficiency,1,0,1,0,0,0,all_blank
assessment_summary.csv,all_rows,all,elapsed_session_time_ms,1,1,0,0,0,100,populated
assessment_summary.csv,all_rows,all,active_interaction_time_ms,1,0,1,0,0,0,all_blank
assessment_summary.csv,all_rows,all,unsupported_correct_response_count,1,1,0,1,0,100,populated
assessment_summary.csv,all_rows,all,estimated_guessing_risk_max,1,0,1,0,0,0,all_blank
assessment_summary.csv,all_rows,all,summary_limitations,1,1,0,0,0,100,populated
attempt_records.csv,all_rows,all,research_student_id,1,1,0,0,0,100,populated
attempt_records.csv,all_rows,all,assessment_public_id,1,1,0,0,0,100,populated
attempt_records.csv,all_rows,all,assessment_family_public_id,1,1,0,0,0,100,populated
attempt_records.csv,all_rows,all,session_public_id,1,1,0,0,0,100,populated
attempt_records.csv,all_rows,all,attempt_number,1,1,0,0,0,100,populated
attempt_records.csv,all_rows,all,session_status,1,1,0,0,0,100,populated
attempt_records.csv,all_rows,all,started_at,1,1,0,0,0,100,populated
attempt_records.csv,all_rows,all,initial_submitted_at,1,0,1,0,0,0,all_blank
attempt_records.csv,all_rows,all,comparison_eligible,1,0,1,0,0,0,all_blank
attempt_records.csv,all_rows,all,limitation,1,1,0,0,0,100,populated
attempt_records.csv,all_rows,all,chance_policy_version,1,0,1,0,0,0,all_blank
attempt_records.csv,all_rows,all,chance_waived_at,1,0,1,0,0,0,all_blank
attempt_records.csv,all_rows,all,response_count,1,1,0,1,0,100,populated
attempt_records.csv,all_rows,all,calculation_version,1,1,0,0,0,100,populated
attempt_records.csv,all_rows,all,snapshot_at,1,1,0,0,0,100,populated
attempt_records.csv,all_rows,all,cohort_scope,1,1,0,0,0,100,populated
attempt_submission_items.csv,all_rows,all,research_student_id,0,0,0,0,0,,no_rows
attempt_submission_items.csv,all_rows,all,assessment_public_id,0,0,0,0,0,,no_rows
attempt_submission_items.csv,all_rows,all,session_public_id,0,0,0,0,0,,no_rows
attempt_submission_items.csv,all_rows,all,attempt_number,0,0,0,0,0,,no_rows
attempt_submission_items.csv,all_rows,all,item_public_id,0,0,0,0,0,,no_rows
attempt_submission_items.csv,all_rows,all,item_snapshot_key,0,0,0,0,0,,no_rows
attempt_submission_items.csv,all_rows,all,item_version,0,0,0,0,0,,no_rows
attempt_submission_items.csv,all_rows,all,learning_objective,0,0,0,0,0,,no_rows
attempt_submission_items.csv,all_rows,all,initial_submitted_at,0,0,0,0,0,,no_rows
attempt_submission_items.csv,all_rows,all,first_selected_option,0,0,0,0,0,,no_rows
attempt_submission_items.csv,all_rows,all,selected_option,0,0,0,0,0,,no_rows
attempt_submission_items.csv,all_rows,all,first_confidence,0,0,0,0,0,,no_rows
attempt_submission_items.csv,all_rows,all,confidence,0,0,0,0,0,,no_rows
attempt_submission_items.csv,all_rows,all,first_reasoning,0,0,0,0,0,,no_rows
attempt_submission_items.csv,all_rows,all,reasoning,0,0,0,0,0,,no_rows
attempt_submission_items.csv,all_rows,all,evidence_source,0,0,0,0,0,,no_rows
attempt_submission_items.csv,all_rows,all,calculation_version,0,0,0,0,0,,no_rows
attempt_submission_items.csv,all_rows,all,snapshot_at,0,0,0,0,0,,no_rows
attempt_submission_items.csv,all_rows,all,cohort_scope,0,0,0,0,0,,no_rows
attempt_paired_changes.csv,all_rows,all,research_student_id,0,0,0,0,0,,no_rows
attempt_paired_changes.csv,all_rows,all,assessment_public_id,0,0,0,0,0,,no_rows
attempt_paired_changes.csv,all_rows,all,comparison,0,0,0,0,0,,no_rows
attempt_paired_changes.csv,all_rows,all,from_session_public_id,0,0,0,0,0,,no_rows
attempt_paired_changes.csv,all_rows,all,to_session_public_id,0,0,0,0,0,,no_rows
attempt_paired_changes.csv,all_rows,all,from_attempt_number,0,0,0,0,0,,no_rows
attempt_paired_changes.csv,all_rows,all,to_attempt_number,0,0,0,0,0,,no_rows
attempt_paired_changes.csv,all_rows,all,item_snapshot_key,0,0,0,0,0,,no_rows
attempt_paired_changes.csv,all_rows,all,from_selected_option,0,0,0,0,0,,no_rows
attempt_paired_changes.csv,all_rows,all,to_selected_option,0,0,0,0,0,,no_rows
attempt_paired_changes.csv,all_rows,all,from_confidence,0,0,0,0,0,,no_rows
attempt_paired_changes.csv,all_rows,all,to_confidence,0,0,0,0,0,,no_rows
attempt_paired_changes.csv,all_rows,all,from_reasoning,0,0,0,0,0,,no_rows
attempt_paired_changes.csv,all_rows,all,to_reasoning,0,0,0,0,0,,no_rows
attempt_paired_changes.csv,all_rows,all,elapsed_between_submissions_ms,0,0,0,0,0,,no_rows
attempt_paired_changes.csv,all_rows,all,calculation_version,0,0,0,0,0,,no_rows
attempt_paired_changes.csv,all_rows,all,snapshot_at,0,0,0,0,0,,no_rows
attempt_paired_changes.csv,all_rows,all,cohort_scope,0,0,0,0,0,,no_rows
attempt_class_summaries.csv,all_rows,all,assessment_public_id,4,4,0,0,0,100,populated
attempt_class_summaries.csv,all_rows,all,view,4,4,0,0,0,100,populated
attempt_class_summaries.csv,all_rows,all,student_count,4,4,0,4,0,100,populated
attempt_class_summaries.csv,all_rows,all,missing_student_count,4,4,0,0,0,100,populated
attempt_class_summaries.csv,all_rows,all,incomplete_attempt_count,4,4,0,0,0,100,populated
attempt_class_summaries.csv,all_rows,all,response_count,4,4,0,4,0,100,populated
attempt_class_summaries.csv,all_rows,all,option_counts_json,4,4,0,0,0,100,populated
attempt_class_summaries.csv,all_rows,all,confidence_counts_json,4,4,0,0,0,100,populated
attempt_class_summaries.csv,all_rows,all,calculation_version,4,4,0,0,0,100,populated
attempt_class_summaries.csv,all_rows,all,snapshot_at,4,4,0,0,0,100,populated
attempt_class_summaries.csv,all_rows,all,cohort_scope,4,4,0,0,0,100,populated
